"sample_id","year","location","harvest","environment","genotype","overall_liking","texture","sweetness","sourness","flavor"
"2013 C1 Emerald",2013,"C",1,"C1","Emerald",17,22.8,19.2,18.8,23.4
"2013 C1 Endura",2013,"C",1,"C1","Endura",22.3,23.2,24.1,14.1,25.6
"2013 C1 Farthing",2013,"C",1,"C1","Farthing",22.8,26.7,21.8,19.1,24.9
"2013 C1 Meadowlark",2013,"C",1,"C1","Meadowlark",25,27.1,24.4,8.2,23.8
"2013 C1 PrimaDonna",2013,"C",1,"C1","Primadonna",22.8,18.7,25.7,6.5,24.7
"2013 C1 Scintilla",2013,"C",1,"C1","Scintilla",25.4,26.1,26,16,28.8
"2013 C2 Emerald",2013,"C",2,"C2","Emerald",24,25.5,21.9,14.2,25
"2013 C2 Endura",2013,"C",2,"C2","Endura",26.3,27.7,24.8,16.6,29.1
"2013 C2 Farthing",2013,"C",2,"C2","Farthing",26.1,29.9,25.7,16.4,28.7
"2013 C2 Meadowlark",2013,"C",2,"C2","Meadowlark",23.8,27.8,26.1,9.3,26.4
"2013 C2 PrimaDonna",2013,"C",2,"C2","Primadonna",20,17.2,26.2,5.9,25.6
"2013 C2 Scintilla",2013,"C",2,"C2","Scintilla",30.7,29,29.2,13.2,30.7
"2013 C3 Emerald",2013,"C",3,"C3","Emerald",17.3,18.2,17.7,11.1,20.1
"2013 C3 Endura",2013,"C",3,"C3","Endura",22.3,20.8,23.4,10.2,24.5
"2013 C3 Farthing",2013,"C",3,"C3","Farthing",25.1,23,23.2,9.1,23.5
"2013 C3 Meadowlark",2013,"C",3,"C3","Meadowlark",21.5,24.3,23.8,11.8,23
"2013 C3 PrimaDonna",2013,"C",3,"C3","Primadonna",15.6,12.9,22.5,9.1,21.9
"2013 C3 Scintilla",2013,"C",3,"C3","Scintilla",25.5,23.1,27.3,11.9,25.9
"2013 H1 Emerald",2013,"H",1,"H1","Emerald",21.7,29.1,24,18.2,29.9
"2013 H1 Endura",2013,"H",1,"H1","Endura",17.9,25,19.1,24.1,26.7
"2013 H1 Farthing",2013,"H",1,"H1","Farthing",21.5,29.3,20.2,21.4,28.5
"2013 H1 Meadowlark",2013,"H",1,"H1","Meadowlark",17.5,25.6,18.3,13.1,21.9
"2013 H1 PrimaDonna",2013,"H",1,"H1","Primadonna",27.2,27.3,25.3,11.7,26.1
"2013 H1 Scintilla",2013,"H",1,"H1","Scintilla",30.1,29.1,27.7,14.5,30.6
"2013 H2 Emerald",2013,"H",2,"H2","Emerald",18.6,23.9,20.8,20.1,26.5
"2013 H2 Endura",2013,"H",2,"H2","Endura",14.9,25.3,16.4,28.1,27
"2013 H2 Farthing",2013,"H",2,"H2","Farthing",21.4,27.6,20.3,24.5,26.5
"2013 H2 Meadowlark",2013,"H",2,"H2","Meadowlark",24.3,26,22.8,15.9,25.5
"2013 H2 PrimaDonna",2013,"H",2,"H2","Primadonna",23.8,23.7,23,12.4,24.3
"2013 H2 Scintilla",2013,"H",2,"H2","Scintilla",29.3,27.9,27.2,16.4,29.4
"2013 H3 Emerald",2013,"H",3,"H3","Emerald",20.1,20.4,23.5,10.6,23.8
"2013 H3 Endura",2013,"H",3,"H3","Endura",17.4,19.3,20.1,20.4,23.9
"2013 H3 Farthing",2013,"H",3,"H3","Farthing",24.2,23.3,22.4,14.7,25.5
"2013 H3 Meadowlark",2013,"H",3,"H3","Meadowlark",18.4,21.2,19.1,13.4,22.2
"2013 H3 Scintilla",2013,"H",3,"H3","Scintilla",22.9,24.4,22.9,19.9,26.4
"2013 W1 Emerald",2013,"W",1,"W1","Emerald",20,23.7,20,16.7,22.5
"2013 W1 Endura",2013,"W",1,"W1","Endura",21,22.1,21,17.6,25.5
"2013 W1 Farthing",2013,"W",1,"W1","Farthing",17.2,23.4,18.4,19.6,22.4
"2013 W1 Meadowlark",2013,"W",1,"W1","Meadowlark",19.5,25,21.6,14.2,23.4
"2013 W1 PrimaDonna",2013,"W",1,"W1","Primadonna",25.1,20.4,23.7,11.6,24.1
"2013 W2 Emerald",2013,"W",2,"W2","Emerald",23.9,24.8,22.9,11.7,24
"2013 W2 Endura",2013,"W",2,"W2","Endura",17.5,21.5,19.5,19.9,25.6
"2013 W2 Farthing",2013,"W",2,"W2","Farthing",19.7,23.2,20.4,14.7,24.9
"2013 W2 Meadowlark",2013,"W",2,"W2","Meadowlark",24.9,26.6,24.4,11.5,26.1
"2013 W2 PrimaDonna",2013,"W",2,"W2","Primadonna",24.8,21.6,25.9,8.2,25.2
"2013 W3 Emerald",2013,"W",3,"W3","Emerald",16.6,18.6,17.5,8.3,18.5
"2013 W3 Endura",2013,"W",3,"W3","Endura",14.2,19.8,17.3,24.1,23.6
"2013 W3 Farthing",2013,"W",3,"W3","Farthing",20.6,20.9,20.9,6.5,21.6
"2013 W3 Meadowlark",2013,"W",3,"W3","Meadowlark",16.8,18.5,20.6,8.6,20.9
"2013 W3 PrimaDonna",2013,"W",3,"W3","Primadonna",20,14.6,23.5,9.8,24.7
