"path","bytes","sha256"
"REPORT.md",8817,"c99887a81492bdd0fc9471a631d6cb3eccb84aba31266157702686aaa32d8994"
"results/cluster_assignments.csv",2309,"dc6232629454e4fc9444fe913f6d875ef011f0cc473674cfca84a0f45ec8adef"
"results/cluster_external_validation.csv",302,"58fceaad4f1b320af00715bb2dd5414677b9f3ad9fe72bc38b579d1532c39011"
"results/cluster_internal_validation.csv",1129,"a482926b1ee90398b31a0ddff1aac26278d4285cf01e84762a7b72c5a7bf403c"
"results/cluster_profiles.csv",383,"aca180d8f4686732a8ef60d4a688db851eeaab1344b5321ebb282356ccc47a33"
"results/cluster_subsample_stability.csv",17525,"90357b3a0117c8ffdb465dc2455da8c9c64c3d7d289fa3c9c89b2fa8a70440eb"
"results/descriptive_statistics.csv",326,"3db83ac5b94f6cf386f848a28fa8e6b790cda4507a33f7787399c3220ffcc4c4"
"results/gap_statistic.csv",1438,"d620349f93eb894b55bfecc8997a4da5ace81e3ac8d22e2abbe6ac1306bc7db4"
"results/genotype_cv_confusion.csv",224,"b31e7d274e422c36bee2c60b3e4c741ca8c42b0bb3522bbe580a4a9bcb5baf5b"
"results/genotype_cv_predictions.csv",2694,"9f93a390c6bdae458452fa3cd6d704a5b75c4b88ff43a74c8a736affc0bdd77b"
"results/pca_bootstrap_stability.csv",92350,"88d3774d5b3a96af0c76ecdf282aec8be222917c43e07973721eb9798ff45a95"
"results/pca_explained_variance.csv",759,"b76e1ae8fe3c23f3c097819953e513a03f6813ba1c2c98687dd3dc7953f05e3f"
"results/pca_loading_bootstrap_intervals.csv",1020,"e8dbc09de5b089e8eda7410fbfd82943b25519ee1afecba360d752b01348506a"
"results/pca_loadings.csv",3355,"3b931ad47c708da40677789350e1401afc734c0ea5be3b9dd6b01e7d59b7ee71"
"results/pca_scaling_sensitivity.csv",199,"21ef8ae59db116a72e2011da046088d259b03d2e0d9e8c6ee5963527135d02c6"
"results/sample_flow.csv",134,"0b4e8af65e308f3c5881779dc72058642c14f25c8353dcd21c69e3efa3b28775"
"results/sensory_correlations.csv",499,"d9261c2e91fcb1421650e1cc4ead82b84c93371e6486a2a5af289c89f9068c22"
"results/session_info.txt",544,"9dfe116c65c1e95d4ae3a80e85a4b830a21d1072154d22d6fbb93c8cff5c27a7"
"results/summary.json",2639,"298b06168df1ee29ee1e1510f4895efdeb88b4894f179a338d1eed1e427ab2e6"
"figures/cluster_diagnostics.png",151899,"eeea7356d1fda0eeea8cde55ecd1f4f15ae68dbd65efc08acb52fdb469df4452"
"figures/exploratory_clusters.png",78550,"9c600bd9e05e4e37caa684a245da7ad422afda98b9ff07e68d4889b5e0ddf1ca"
"figures/genotype_cv_confusion.png",68413,"b0dc9a6fa6622a802ab57c57bd7bbab24eaa062fa1fc35d9b704e57da9309982"
"figures/pca_biplot.png",99431,"57085745c3ef412901ec10fc62ba271837751df44eea9ad50f4d90237dd55782"
"figures/pca_loading_stability.png",66253,"f6221641425e8e4e72a7066f10bb3c81cc51f71167e3c8d22a005dcd51fbf797"
"data/blueberry_2013_sensory.csv",3645,"f6bff9880655e3fabdacbe86b9dc5b881e6ec64449cad7d8f5c7b08f16187df4"
"data/source_manifest.json",876,"ed0cd1c55a9d37af6dd35ac67c4a099bf4f355c2b17d8ed77e35ec2bf7ce4ba4"
