"replicate","environments_retained","observations_retained","kmeans_ari_to_full","ward_ari_to_full"
1,8,45,0.797235023041475,0.957665169980757
2,8,45,0.797235023041475,0.957665169980757
3,8,44,0.951562744220892,0.942657298425566
4,8,44,1,1
5,8,44,0.951562744220892,0.942657298425566
6,8,44,0.951562744220892,0.942657298425566
7,8,45,0.951677790280068,0.724758922980589
8,8,44,1,0.694954189563002
9,8,45,0.797235023041475,0.957665169980757
10,8,44,0.720827876178324,0.621719788733568
11,8,44,1,1
12,8,44,0.720827876178324,0.621719788733568
13,8,44,0.951562744220892,0.942657298425566
14,8,45,0.943048996689625,0.853951527924131
15,8,44,1,1
16,8,44,1,0.694954189563002
17,8,45,1,1
18,8,44,0.941384224549229,0.86408121086864
19,8,45,0.943048996689625,0.853951527924131
20,8,44,1,0.694954189563002
21,8,44,0.941384224549229,0.86408121086864
22,8,45,0.951677790280068,0.724758922980589
23,8,44,0.951562744220892,0.942657298425566
24,8,44,0.720827876178324,0.621719788733568
25,8,45,0.797235023041475,0.957665169980757
26,8,45,1,1
27,8,44,0.951562744220892,0.942657298425566
28,8,45,1,1
29,8,45,0.951677790280068,0.724758922980589
30,8,45,1,1
31,8,45,0.943048996689625,0.853951527924131
32,8,45,0.797235023041475,0.957665169980757
33,8,45,1,1
34,8,45,0.797235023041475,0.957665169980757
35,8,44,0.720827876178324,0.621719788733568
36,8,44,1,0.694954189563002
37,8,44,1,1
38,8,45,1,1
39,8,44,0.720827876178324,0.621719788733568
40,8,44,0.720827876178324,0.621719788733568
41,8,44,1,0.694954189563002
42,8,45,0.951677790280068,0.724758922980589
43,8,45,0.951677790280068,0.724758922980589
44,8,44,1,0.694954189563002
45,8,44,1,1
46,8,45,0.943048996689625,0.853951527924131
47,8,44,1,0.694954189563002
48,8,45,0.951677790280068,0.724758922980589
49,8,44,0.951562744220892,0.942657298425566
50,8,44,1,0.694954189563002
51,8,44,0.951562744220892,0.942657298425566
52,8,44,0.951562744220892,0.942657298425566
53,8,44,1,1
54,8,45,1,1
55,8,45,0.797235023041475,0.957665169980757
56,8,44,0.951562744220892,0.942657298425566
57,8,44,0.941384224549229,0.86408121086864
58,8,45,0.951677790280068,0.724758922980589
59,8,44,1,0.694954189563002
60,8,44,0.720827876178324,0.621719788733568
61,8,44,1,0.694954189563002
62,8,45,0.797235023041475,0.957665169980757
63,8,45,0.943048996689625,0.853951527924131
64,8,44,0.720827876178324,0.621719788733568
65,8,44,1,0.694954189563002
66,8,45,0.943048996689625,0.853951527924131
67,8,44,0.951562744220892,0.942657298425566
68,8,45,1,1
69,8,44,0.951562744220892,0.942657298425566
70,8,44,0.720827876178324,0.621719788733568
71,8,45,0.943048996689625,0.853951527924131
72,8,45,0.797235023041475,0.957665169980757
73,8,45,0.951677790280068,0.724758922980589
74,8,44,0.941384224549229,0.86408121086864
75,8,44,0.720827876178324,0.621719788733568
76,8,45,0.797235023041475,0.957665169980757
77,8,44,1,1
78,8,44,1,0.694954189563002
79,8,44,0.951562744220892,0.942657298425566
80,8,45,0.943048996689625,0.853951527924131
81,8,44,0.951562744220892,0.942657298425566
82,8,45,0.951677790280068,0.724758922980589
83,8,44,0.951562744220892,0.942657298425566
84,8,44,1,1
85,8,44,0.951562744220892,0.942657298425566
86,8,44,0.720827876178324,0.621719788733568
87,8,45,1,1
88,8,44,1,0.694954189563002
89,8,45,0.951677790280068,0.724758922980589
90,8,44,0.951562744220892,0.942657298425566
91,8,45,1,1
92,8,45,0.951677790280068,0.724758922980589
93,8,44,0.951562744220892,0.942657298425566
94,8,44,0.941384224549229,0.86408121086864
95,8,45,0.797235023041475,0.957665169980757
96,8,44,0.951562744220892,0.942657298425566
97,8,44,0.951562744220892,0.942657298425566
98,8,44,1,0.694954189563002
99,8,45,0.951677790280068,0.724758922980589
100,8,45,1,1
101,8,45,1,1
102,8,44,0.720827876178324,0.621719788733568
103,8,44,0.941384224549229,0.86408121086864
104,8,44,0.941384224549229,0.86408121086864
105,8,44,0.951562744220892,0.942657298425566
106,8,44,0.720827876178324,0.621719788733568
107,8,45,0.951677790280068,0.724758922980589
108,8,45,0.797235023041475,0.957665169980757
109,8,44,1,1
110,8,44,1,1
111,8,45,0.943048996689625,0.853951527924131
112,8,44,0.720827876178324,0.621719788733568
113,8,45,0.797235023041475,0.957665169980757
114,8,44,1,0.694954189563002
115,8,45,0.951677790280068,0.724758922980589
116,8,44,1,0.694954189563002
117,8,44,1,1
118,8,44,1,1
119,8,44,1,1
120,8,44,0.720827876178324,0.621719788733568
121,8,44,1,1
122,8,45,0.797235023041475,0.957665169980757
123,8,45,0.943048996689625,0.853951527924131
124,8,45,0.797235023041475,0.957665169980757
125,8,45,0.797235023041475,0.957665169980757
126,8,45,1,1
127,8,45,0.943048996689625,0.853951527924131
128,8,44,0.941384224549229,0.86408121086864
129,8,45,0.951677790280068,0.724758922980589
130,8,44,0.720827876178324,0.621719788733568
131,8,44,0.951562744220892,0.942657298425566
132,8,44,1,0.694954189563002
133,8,44,0.951562744220892,0.942657298425566
134,8,45,0.951677790280068,0.724758922980589
135,8,45,0.951677790280068,0.724758922980589
136,8,45,0.943048996689625,0.853951527924131
137,8,44,0.720827876178324,0.621719788733568
138,8,45,0.951677790280068,0.724758922980589
139,8,44,0.720827876178324,0.621719788733568
140,8,45,0.943048996689625,0.853951527924131
141,8,45,0.951677790280068,0.724758922980589
142,8,44,0.951562744220892,0.942657298425566
143,8,45,1,1
144,8,45,0.943048996689625,0.853951527924131
145,8,44,0.951562744220892,0.942657298425566
146,8,45,0.943048996689625,0.853951527924131
147,8,44,0.941384224549229,0.86408121086864
148,8,44,1,1
149,8,45,1,1
150,8,44,0.951562744220892,0.942657298425566
151,8,44,1,0.694954189563002
152,8,44,0.720827876178324,0.621719788733568
153,8,45,1,1
154,8,44,0.951562744220892,0.942657298425566
155,8,45,0.943048996689625,0.853951527924131
156,8,44,1,1
157,8,45,0.797235023041475,0.957665169980757
158,8,45,1,1
159,8,44,1,1
160,8,45,1,1
161,8,45,1,1
162,8,44,1,1
163,8,45,0.951677790280068,0.724758922980589
164,8,44,1,1
165,8,44,1,1
166,8,45,0.943048996689625,0.853951527924131
167,8,44,0.951562744220892,0.942657298425566
168,8,45,0.943048996689625,0.853951527924131
169,8,44,1,1
170,8,44,0.720827876178324,0.621719788733568
171,8,45,0.951677790280068,0.724758922980589
172,8,45,0.797235023041475,0.957665169980757
173,8,44,1,0.694954189563002
174,8,44,1,1
175,8,45,0.943048996689625,0.853951527924131
176,8,45,0.797235023041475,0.957665169980757
177,8,44,0.941384224549229,0.86408121086864
178,8,44,0.720827876178324,0.621719788733568
179,8,45,0.797235023041475,0.957665169980757
180,8,44,0.941384224549229,0.86408121086864
181,8,44,1,1
182,8,45,0.943048996689625,0.853951527924131
183,8,45,1,1
184,8,44,0.941384224549229,0.86408121086864
185,8,44,1,1
186,8,44,1,1
187,8,45,0.943048996689625,0.853951527924131
188,8,45,1,1
189,8,44,1,0.694954189563002
190,8,45,0.797235023041475,0.957665169980757
191,8,44,0.941384224549229,0.86408121086864
192,8,45,0.943048996689625,0.853951527924131
193,8,44,0.720827876178324,0.621719788733568
194,8,44,1,1
195,8,45,0.951677790280068,0.724758922980589
196,8,45,1,1
197,8,45,1,1
198,8,45,0.797235023041475,0.957665169980757
199,8,44,1,0.694954189563002
200,8,44,0.720827876178324,0.621719788733568
201,8,45,0.797235023041475,0.957665169980757
202,8,45,0.951677790280068,0.724758922980589
203,8,44,1,1
204,8,45,1,1
205,8,44,1,1
206,8,44,0.720827876178324,0.621719788733568
207,8,45,1,1
208,8,45,0.951677790280068,0.724758922980589
209,8,45,0.797235023041475,0.957665169980757
210,8,45,0.951677790280068,0.724758922980589
211,8,44,0.951562744220892,0.942657298425566
212,8,45,0.951677790280068,0.724758922980589
213,8,44,0.951562744220892,0.942657298425566
214,8,44,1,0.694954189563002
215,8,44,0.951562744220892,0.942657298425566
216,8,45,1,1
217,8,44,1,0.694954189563002
218,8,44,1,1
219,8,44,0.720827876178324,0.621719788733568
220,8,45,1,1
221,8,45,1,1
222,8,45,0.951677790280068,0.724758922980589
223,8,45,0.951677790280068,0.724758922980589
224,8,44,1,1
225,8,45,0.797235023041475,0.957665169980757
226,8,45,0.951677790280068,0.724758922980589
227,8,44,1,1
228,8,44,0.720827876178324,0.621719788733568
229,8,44,0.941384224549229,0.86408121086864
230,8,45,0.797235023041475,0.957665169980757
231,8,44,0.951562744220892,0.942657298425566
232,8,44,1,1
233,8,44,0.951562744220892,0.942657298425566
234,8,44,1,1
235,8,45,1,1
236,8,44,0.941384224549229,0.86408121086864
237,8,44,0.941384224549229,0.86408121086864
238,8,44,0.951562744220892,0.942657298425566
239,8,44,0.941384224549229,0.86408121086864
240,8,44,1,0.694954189563002
241,8,45,1,1
242,8,45,1,1
243,8,45,0.943048996689625,0.853951527924131
244,8,45,1,1
245,8,45,0.951677790280068,0.724758922980589
246,8,44,0.720827876178324,0.621719788733568
247,8,44,0.941384224549229,0.86408121086864
248,8,45,0.951677790280068,0.724758922980589
249,8,45,0.943048996689625,0.853951527924131
250,8,45,0.797235023041475,0.957665169980757
251,8,45,0.797235023041475,0.957665169980757
252,8,44,1,1
253,8,44,0.720827876178324,0.621719788733568
254,8,44,0.720827876178324,0.621719788733568
255,8,44,1,0.694954189563002
256,8,45,0.797235023041475,0.957665169980757
257,8,45,0.943048996689625,0.853951527924131
258,8,44,0.941384224549229,0.86408121086864
259,8,44,1,1
260,8,45,0.951677790280068,0.724758922980589
261,8,45,0.951677790280068,0.724758922980589
262,8,44,0.951562744220892,0.942657298425566
263,8,44,0.720827876178324,0.621719788733568
264,8,45,1,1
265,8,45,0.951677790280068,0.724758922980589
266,8,45,0.797235023041475,0.957665169980757
267,8,45,0.951677790280068,0.724758922980589
268,8,44,0.951562744220892,0.942657298425566
269,8,44,0.951562744220892,0.942657298425566
270,8,45,0.951677790280068,0.724758922980589
271,8,45,0.797235023041475,0.957665169980757
272,8,44,1,0.694954189563002
273,8,45,0.797235023041475,0.957665169980757
274,8,44,0.941384224549229,0.86408121086864
275,8,45,0.943048996689625,0.853951527924131
276,8,44,0.941384224549229,0.86408121086864
277,8,44,1,1
278,8,45,0.951677790280068,0.724758922980589
279,8,44,1,0.694954189563002
280,8,45,1,1
281,8,44,0.951562744220892,0.942657298425566
282,8,45,0.951677790280068,0.724758922980589
283,8,45,0.943048996689625,0.853951527924131
284,8,45,0.951677790280068,0.724758922980589
285,8,44,1,1
286,8,45,0.943048996689625,0.853951527924131
287,8,44,1,0.694954189563002
288,8,45,1,1
289,8,45,1,1
290,8,44,0.720827876178324,0.621719788733568
291,8,44,0.720827876178324,0.621719788733568
292,8,44,1,1
293,8,45,1,1
294,8,44,1,0.694954189563002
295,8,45,0.951677790280068,0.724758922980589
296,8,44,1,1
297,8,45,0.943048996689625,0.853951527924131
298,8,45,1,1
299,8,45,1,1
300,8,45,0.943048996689625,0.853951527924131
301,8,45,1,1
302,8,45,1,1
303,8,44,0.951562744220892,0.942657298425566
304,8,45,0.951677790280068,0.724758922980589
305,8,45,1,1
306,8,45,0.951677790280068,0.724758922980589
307,8,45,0.951677790280068,0.724758922980589
308,8,44,1,1
309,8,45,1,1
310,8,45,0.943048996689625,0.853951527924131
311,8,44,1,0.694954189563002
312,8,44,1,0.694954189563002
313,8,45,1,1
314,8,44,1,0.694954189563002
315,8,45,0.797235023041475,0.957665169980757
316,8,44,1,0.694954189563002
317,8,45,0.943048996689625,0.853951527924131
318,8,45,0.943048996689625,0.853951527924131
319,8,45,0.951677790280068,0.724758922980589
320,8,45,0.797235023041475,0.957665169980757
321,8,45,1,1
322,8,44,1,0.694954189563002
323,8,45,0.943048996689625,0.853951527924131
324,8,44,1,1
325,8,44,1,1
326,8,45,0.797235023041475,0.957665169980757
327,8,44,1,1
328,8,45,0.797235023041475,0.957665169980757
329,8,45,1,1
330,8,45,0.951677790280068,0.724758922980589
331,8,44,0.941384224549229,0.86408121086864
332,8,44,0.951562744220892,0.942657298425566
333,8,45,0.943048996689625,0.853951527924131
334,8,44,0.941384224549229,0.86408121086864
335,8,44,0.951562744220892,0.942657298425566
336,8,45,0.943048996689625,0.853951527924131
337,8,45,1,1
338,8,44,0.720827876178324,0.621719788733568
339,8,44,0.941384224549229,0.86408121086864
340,8,44,0.941384224549229,0.86408121086864
341,8,45,0.797235023041475,0.957665169980757
342,8,44,0.941384224549229,0.86408121086864
343,8,45,0.797235023041475,0.957665169980757
344,8,44,0.720827876178324,0.621719788733568
345,8,44,0.941384224549229,0.86408121086864
346,8,45,0.951677790280068,0.724758922980589
347,8,44,0.720827876178324,0.621719788733568
348,8,45,0.951677790280068,0.724758922980589
349,8,44,0.720827876178324,0.621719788733568
350,8,45,0.943048996689625,0.853951527924131
351,8,45,0.951677790280068,0.724758922980589
352,8,45,0.943048996689625,0.853951527924131
353,8,44,1,1
354,8,44,0.720827876178324,0.621719788733568
355,8,44,1,0.694954189563002
356,8,44,1,1
357,8,45,0.797235023041475,0.957665169980757
358,8,45,0.951677790280068,0.724758922980589
359,8,45,0.943048996689625,0.853951527924131
360,8,45,1,1
361,8,45,0.797235023041475,0.957665169980757
362,8,44,1,1
363,8,44,0.951562744220892,0.942657298425566
364,8,44,0.941384224549229,0.86408121086864
365,8,45,0.951677790280068,0.724758922980589
366,8,45,0.797235023041475,0.957665169980757
367,8,44,1,0.694954189563002
368,8,44,0.720827876178324,0.621719788733568
369,8,45,0.951677790280068,0.724758922980589
370,8,45,0.951677790280068,0.724758922980589
371,8,45,0.943048996689625,0.853951527924131
372,8,44,0.720827876178324,0.621719788733568
373,8,44,0.720827876178324,0.621719788733568
374,8,45,0.797235023041475,0.957665169980757
375,8,45,1,1
376,8,45,1,1
377,8,44,1,1
378,8,45,1,1
379,8,45,0.943048996689625,0.853951527924131
380,8,45,0.943048996689625,0.853951527924131
381,8,44,0.720827876178324,0.621719788733568
382,8,44,0.720827876178324,0.621719788733568
383,8,44,0.720827876178324,0.621719788733568
384,8,44,1,0.694954189563002
385,8,44,1,1
386,8,44,0.720827876178324,0.621719788733568
387,8,45,0.951677790280068,0.724758922980589
388,8,45,0.797235023041475,0.957665169980757
389,8,44,1,1
390,8,45,0.943048996689625,0.853951527924131
391,8,44,1,1
392,8,44,0.720827876178324,0.621719788733568
393,8,45,0.797235023041475,0.957665169980757
394,8,44,0.941384224549229,0.86408121086864
395,8,45,0.943048996689625,0.853951527924131
396,8,44,0.951562744220892,0.942657298425566
397,8,45,1,1
398,8,45,0.951677790280068,0.724758922980589
399,8,44,1,0.694954189563002
400,8,44,0.941384224549229,0.86408121086864
401,8,44,1,0.694954189563002
402,8,44,0.720827876178324,0.621719788733568
403,8,44,1,0.694954189563002
404,8,44,1,1
405,8,45,1,1
406,8,45,0.797235023041475,0.957665169980757
407,8,44,1,1
408,8,44,1,1
409,8,45,0.797235023041475,0.957665169980757
410,8,45,0.797235023041475,0.957665169980757
411,8,44,0.720827876178324,0.621719788733568
412,8,45,1,1
413,8,45,0.951677790280068,0.724758922980589
414,8,44,1,1
415,8,44,0.720827876178324,0.621719788733568
416,8,45,0.943048996689625,0.853951527924131
417,8,44,1,1
418,8,44,1,1
419,8,45,0.951677790280068,0.724758922980589
420,8,45,0.951677790280068,0.724758922980589
421,8,44,1,1
422,8,45,0.951677790280068,0.724758922980589
423,8,45,0.943048996689625,0.853951527924131
424,8,44,1,1
425,8,44,0.720827876178324,0.621719788733568
426,8,45,0.951677790280068,0.724758922980589
427,8,44,1,0.694954189563002
428,8,45,1,1
429,8,44,0.720827876178324,0.621719788733568
430,8,45,1,1
431,8,45,0.951677790280068,0.724758922980589
432,8,44,1,0.694954189563002
433,8,44,0.951562744220892,0.942657298425566
434,8,45,0.951677790280068,0.724758922980589
435,8,45,0.943048996689625,0.853951527924131
436,8,44,1,1
437,8,45,0.951677790280068,0.724758922980589
438,8,44,0.951562744220892,0.942657298425566
439,8,45,0.951677790280068,0.724758922980589
440,8,44,0.941384224549229,0.86408121086864
441,8,44,1,1
442,8,45,0.797235023041475,0.957665169980757
443,8,45,0.951677790280068,0.724758922980589
444,8,45,0.943048996689625,0.853951527924131
445,8,44,0.941384224549229,0.86408121086864
446,8,45,0.951677790280068,0.724758922980589
447,8,44,1,1
448,8,44,1,1
449,8,44,1,1
450,8,44,1,0.694954189563002
451,8,45,0.797235023041475,0.957665169980757
452,8,45,1,1
453,8,44,1,0.694954189563002
454,8,44,1,0.694954189563002
455,8,44,1,0.694954189563002
456,8,45,0.951677790280068,0.724758922980589
457,8,45,0.797235023041475,0.957665169980757
458,8,44,0.951562744220892,0.942657298425566
459,8,45,1,1
460,8,44,0.720827876178324,0.621719788733568
461,8,44,0.941384224549229,0.86408121086864
462,8,44,1,1
463,8,44,0.720827876178324,0.621719788733568
464,8,44,0.720827876178324,0.621719788733568
465,8,44,0.951562744220892,0.942657298425566
466,8,44,1,1
467,8,45,1,1
468,8,44,1,1
469,8,45,0.943048996689625,0.853951527924131
470,8,45,1,1
471,8,44,0.951562744220892,0.942657298425566
472,8,45,0.951677790280068,0.724758922980589
473,8,45,0.951677790280068,0.724758922980589
474,8,45,0.797235023041475,0.957665169980757
475,8,44,0.941384224549229,0.86408121086864
476,8,45,0.943048996689625,0.853951527924131
477,8,44,0.720827876178324,0.621719788733568
478,8,44,0.941384224549229,0.86408121086864
479,8,45,0.797235023041475,0.957665169980757
480,8,44,0.941384224549229,0.86408121086864
481,8,44,1,0.694954189563002
482,8,45,0.797235023041475,0.957665169980757
483,8,45,0.943048996689625,0.853951527924131
484,8,44,0.951562744220892,0.942657298425566
485,8,44,0.941384224549229,0.86408121086864
486,8,45,1,1
487,8,45,0.951677790280068,0.724758922980589
488,8,44,0.951562744220892,0.942657298425566
489,8,44,1,0.694954189563002
490,8,45,0.951677790280068,0.724758922980589
491,8,44,1,0.694954189563002
492,8,44,1,1
493,8,45,0.797235023041475,0.957665169980757
494,8,44,0.720827876178324,0.621719788733568
495,8,44,0.941384224549229,0.86408121086864
496,8,44,0.941384224549229,0.86408121086864
497,8,44,0.720827876178324,0.621719788733568
498,8,45,1,1
499,8,44,0.951562744220892,0.942657298425566
500,8,44,1,0.694954189563002
