"sample_id","environment","genotype","scaled_kmeans_cluster","scaled_ward_cluster","unscaled_kmeans_cluster","unscaled_ward_cluster"
"2013 C1 Emerald","C1","Emerald",3,1,2,1
"2013 C1 Endura","C1","Endura",1,2,3,2
"2013 C1 Farthing","C1","Farthing",3,2,2,1
"2013 C1 Meadowlark","C1","Meadowlark",1,2,3,2
"2013 C1 PrimaDonna","C1","Primadonna",1,3,1,3
"2013 C1 Scintilla","C1","Scintilla",4,4,4,4
"2013 C2 Emerald","C2","Emerald",1,2,3,2
"2013 C2 Endura","C2","Endura",4,4,4,4
"2013 C2 Farthing","C2","Farthing",4,4,4,4
"2013 C2 Meadowlark","C2","Meadowlark",1,2,3,2
"2013 C2 PrimaDonna","C2","Primadonna",1,3,1,3
"2013 C2 Scintilla","C2","Scintilla",4,4,4,4
"2013 C3 Emerald","C3","Emerald",2,3,1,3
"2013 C3 Endura","C3","Endura",1,2,3,3
"2013 C3 Farthing","C3","Farthing",1,2,3,2
"2013 C3 Meadowlark","C3","Meadowlark",1,2,3,2
"2013 C3 PrimaDonna","C3","Primadonna",2,3,1,3
"2013 C3 Scintilla","C3","Scintilla",1,2,3,2
"2013 H1 Emerald","H1","Emerald",4,4,4,4
"2013 H1 Endura","H1","Endura",3,1,2,1
"2013 H1 Farthing","H1","Farthing",3,1,2,1
"2013 H1 Meadowlark","H1","Meadowlark",3,1,2,1
"2013 H1 PrimaDonna","H1","Primadonna",1,2,3,2
"2013 H1 Scintilla","H1","Scintilla",4,4,4,4
"2013 H2 Emerald","H2","Emerald",3,1,2,1
"2013 H2 Endura","H2","Endura",3,1,2,1
"2013 H2 Farthing","H2","Farthing",3,1,2,1
"2013 H2 Meadowlark","H2","Meadowlark",1,2,3,2
"2013 H2 PrimaDonna","H2","Primadonna",1,2,3,2
"2013 H2 Scintilla","H2","Scintilla",4,4,4,4
"2013 H3 Emerald","H3","Emerald",1,2,1,3
"2013 H3 Endura","H3","Endura",3,1,2,1
"2013 H3 Farthing","H3","Farthing",1,2,3,2
"2013 H3 Meadowlark","H3","Meadowlark",2,1,1,1
"2013 H3 Scintilla","H3","Scintilla",3,2,2,1
"2013 W1 Emerald","W1","Emerald",3,1,2,1
"2013 W1 Endura","W1","Endura",3,1,2,1
"2013 W1 Farthing","W1","Farthing",3,1,2,1
"2013 W1 Meadowlark","W1","Meadowlark",3,1,3,1
"2013 W1 PrimaDonna","W1","Primadonna",1,2,3,2
"2013 W2 Emerald","W2","Emerald",1,2,3,2
"2013 W2 Endura","W2","Endura",3,1,2,1
"2013 W2 Farthing","W2","Farthing",3,1,2,1
"2013 W2 Meadowlark","W2","Meadowlark",1,2,3,2
"2013 W2 PrimaDonna","W2","Primadonna",1,2,3,2
"2013 W3 Emerald","W3","Emerald",2,3,1,3
"2013 W3 Endura","W3","Endura",3,1,2,1
"2013 W3 Farthing","W3","Farthing",2,3,1,3
"2013 W3 Meadowlark","W3","Meadowlark",2,3,1,3
"2013 W3 PrimaDonna","W3","Primadonna",2,3,1,3
