"log_within_dispersion","expected_log_within_dispersion","gap","gap_standard_error","k","scaling"
3.56817419723238,3.83828391409162,0.270109716859242,0.0401351148099451,1,"z_scaled"
3.33726309963786,3.54527318085796,0.208010081220105,0.0415726088152052,2,"z_scaled"
3.17712778598893,3.36056640841454,0.18343862242561,0.0350268802192709,3,"z_scaled"
3.01443357121507,3.22207671768973,0.20764314647466,0.0343796730708888,4,"z_scaled"
2.91884881849262,3.11924848092429,0.200399662431666,0.0331455598592416,5,"z_scaled"
2.81577669079186,3.03322355293977,0.217446862147914,0.0347131212349206,6,"z_scaled"
2.74804462482976,2.95526170630088,0.207217081471122,0.0349798860830835,7,"z_scaled"
2.67912453150664,2.88405481177127,0.204930280264633,0.0364460879613454,8,"z_scaled"
4.91197950510268,5.13296788418988,0.220988379087202,0.0447671847747992,1,"unscaled"
4.69262823044592,4.86946200951046,0.176833779064533,0.0445576208992507,2,"unscaled"
4.47889673803981,4.67284152375833,0.193944785718514,0.0410934725823819,3,"unscaled"
4.34081135904144,4.52943227948689,0.18862092044545,0.0375275965771249,4,"unscaled"
4.24189237955863,4.43177804618631,0.189885666627682,0.0369705208271578,5,"unscaled"
4.15682893471454,4.3472535240573,0.190424589342767,0.0375895006171681,6,"unscaled"
4.07039297179855,4.26950269597988,0.199109724181328,0.0383623052344045,7,"unscaled"
3.99420159112087,4.19832191794212,0.204120326821257,0.0380592647015037,8,"unscaled"
