"variable","component","mean","median","lower_95","upper_95","sign_agreement"
"flavor","PC1",0.836644960935688,0.854878565450537,0.654303817372308,0.926069363178196,1
"overall_liking","PC1",0.925254739663189,0.928377271694345,0.874104789507851,0.959474078709859,1
"sourness","PC1",-0.0463861155345043,-0.0216769612408131,-0.440246207858039,0.239210722861683,0.545
"sweetness","PC1",0.83858817352797,0.838592276708532,0.738728889084322,0.930675008738539,1
"texture","PC1",0.711383030153095,0.731942878113338,0.486840252676688,0.832173252922527,1
"flavor","PC2",0.368713678929855,0.355240293107682,0.15133519214247,0.629295930325523,0.999
"overall_liking","PC2",-0.238098660486825,-0.241158287217744,-0.420300324719422,-0.0382859555809066,0.991
"sourness","PC2",0.953602294900816,0.963777353270017,0.859638625841738,0.980319760933192,1
"sweetness","PC2",-0.472957766948255,-0.481164387572121,-0.616394627748741,-0.287213456743799,1
"texture","PC2",0.505817509953237,0.493712983834346,0.331321675189762,0.716447330250653,1
