"scaling","variable","component","eigenvector_loading","correlation_loading"
"unscaled","overall_liking","PC1",0.505080547427602,2.93534377596669
"unscaled","texture","PC1",0.041510791429765,0.241245567423635
"unscaled","sweetness","PC1",0.441151459776408,2.56381125408302
"unscaled","sourness","PC1",-0.737138228476905,-4.28397831198785
"unscaled","flavor","PC1",0.0719938640453667,0.418402058463063
"unscaled","overall_liking","PC2",0.42988667125777,2.47062542773388
"unscaled","texture","PC2",0.610927064830619,3.51109267111074
"unscaled","sweetness","PC2",0.204249395122979,1.17385297784102
"unscaled","sourness","PC2",0.490248971367916,2.81753693604441
"unscaled","flavor","PC2",0.399879609378818,2.29817018534914
"unscaled","overall_liking","PC3",-0.0512465169588515,-0.110564300278007
"unscaled","texture","PC3",0.717204874108224,1.54736867532722
"unscaled","sweetness","PC3",-0.436584024324629,-0.941929520805636
"unscaled","sourness","PC3",-0.299946703274138,-0.647134660777603
"unscaled","flavor","PC3",-0.449908132794331,-0.970676269213217
"unscaled","overall_liking","PC4",0.721874965113611,0.88013151081258
"unscaled","texture","PC4",-0.310213811978087,-0.378221941757231
"unscaled","sweetness","PC4",-0.274983134470028,-0.335267647841194
"unscaled","sourness","PC4",0.265059458009158,0.323168405204422
"unscaled","flavor","PC4",-0.486612458818285,-0.593292438798673
"unscaled","overall_liking","PC5",-0.190686705690135,-0.127586515141553
"unscaled","texture","PC5",0.120122999736727,0.0803730646522546
"unscaled","sweetness","PC5",0.70529868820989,0.471908104117316
"unscaled","sourness","PC5",0.236767052406999,0.158418401574542
"unscaled","flavor","PC5",-0.629050211438803,-0.420891031894761
"z_scaled","overall_liking","PC1",0.548130394220445,0.921410385242463
"z_scaled","texture","PC1",0.442642085383866,0.744083923676828
"z_scaled","sweetness","PC1",0.492403970504342,0.827733942399943
"z_scaled","sourness","PC1",-0.00211321917149379,-0.00355233373561978
"z_scaled","flavor","PC1",0.511033188075935,0.859049765642733
"z_scaled","overall_liking","PC2",-0.211196440749948,-0.270011717820376
"z_scaled","texture","PC2",0.382163440493202,0.488590653750114
"z_scaled","sweetness","PC2",-0.392471265603597,-0.501769065067874
"z_scaled","sourness","PC2",0.76071341207558,0.972561537657339
"z_scaled","flavor","PC2",0.276818674458195,0.353908832695301
"z_scaled","overall_liking","PC3",0.218674235293632,0.136238783475647
"z_scaled","texture","PC3",0.702750865280332,0.437829005523629
"z_scaled","sweetness","PC3",-0.315955825613028,-0.196847320653766
"z_scaled","sourness","PC3",-0.258883663156695,-0.161290127677032
"z_scaled","flavor","PC3",-0.539883288663624,-0.336358978768569
"z_scaled","overall_liking","PC4",0.730524159619954,0.236917308322736
"z_scaled","texture","PC4",-0.37595858414411,-0.121927652389467
"z_scaled","sweetness","PC4",-0.129447857228182,-0.0419814149864689
"z_scaled","sourness","PC4",0.445474032051128,0.144472304182432
"z_scaled","flavor","PC4",-0.331339303806625,-0.107457111398251
"z_scaled","overall_liking","PC5",-0.271044581898622,-0.0583588648039746
"z_scaled","texture","PC5",0.15104785120458,0.0325222554372108
"z_scaled","sweetness","PC5",0.697796391526419,0.150243199803282
"z_scaled","sourness","PC5",0.394769267689043,0.0849981437018573
"z_scaled","flavor","PC5",-0.510839311849475,-0.109989294484143
