"scaling","component","standard_deviation","explained_variance","cumulative_variance"
"unscaled","PC1",5.81163497766155,0.46018949875591,0.46018949875591
"unscaled","PC2",5.74715522234098,0.450034595083776,0.910224093839686
"unscaled","PC3",2.15749882800395,0.0634221825284045,0.973646276368091
"unscaled","PC4",1.21922985745054,0.0202540195661164,0.993900295934207
"unscaled","PC5",0.669089723270378,0.00609970406579302,1
"z_scaled","PC1",1.68100582444967,0.565156116366745,0.565156116366745
"z_scaled","PC2",1.27848611871288,0.326905351148304,0.89206146751505
"z_scaled","PC3",0.623021652700457,0.0776311959467218,0.969692663461772
"z_scaled","PC4",0.324311393679285,0.02103557601404,0.990728239475812
"z_scaled","PC5",0.2153109440343,0.00927176052418834,1
