"replicate","pc1_axis_cosine","pc2_axis_cosine","pc1_explained","pc2_explained","largest_subspace_angle_deg"
1,0.986323949470217,0.983901883360182,0.535869560377804,0.359129204743135,4.5496511958358
2,0.998481194912118,0.998262799729146,0.560112346739537,0.33343507373157,2.59074372081388
3,0.99628237140082,0.995029061911149,0.591454789527534,0.287867321581284,4.97923201216361
4,0.989347733985577,0.976837740126163,0.604881940566422,0.291395516565629,9.22550095662165
5,0.99843837277027,0.997875274860677,0.561618028606927,0.344328485034574,2.45030211223181
6,0.99737052908884,0.993345807113426,0.5036662753372,0.393179328388713,5.91248088529131
7,0.996598151493884,0.983314432666997,0.580435830665485,0.287319171705986,9.87717372916531
8,0.994140800290382,0.993381100749423,0.561728087838844,0.339246013045481,3.58577615952893
9,0.988621690925906,0.987831710798764,0.554178264580821,0.357254990198082,3.82966540672914
10,0.999277331543822,0.998288005219106,0.57640141277028,0.311700544214775,3.10088964070889
11,0.992414746699368,0.991583602432153,0.552986632411602,0.345798022677997,2.98976694280276
12,0.999644599665763,0.994631226577687,0.532966941727053,0.368679265001236,5.79320365241535
13,0.997962928930621,0.994689965350667,0.530370341201054,0.365281976160704,5.31668215003449
14,0.999592770135225,0.998531841427942,0.582120862618276,0.31142205143197,3.00915595605691
15,0.999212090352824,0.998682935513417,0.575965460934087,0.316895795177673,1.95160107935128
16,0.999098140394885,0.997875884443334,0.536227784952538,0.358657359129333,2.98886113629141
17,0.96495647621667,0.960002747275029,0.521192003472238,0.319436793693215,10.2717918136844
18,0.984964176762088,0.978957753838437,0.528984025680318,0.363700897268368,6.41414392738536
19,0.999620709924054,0.994096380595468,0.609212897250792,0.284276932879499,6.0871471441529
20,0.994717418269666,0.993227652963083,0.53040797165192,0.361966691947005,3.57039034430946
21,0.999619206530299,0.999387244083349,0.580401388610371,0.305190647946486,2.26416745807891
22,0.997994213556042,0.997041836208888,0.533297856247504,0.346923190586351,2.88182909618783
23,0.998851298960569,0.99902185394939,0.544553707404818,0.317065392267988,2.62672780821036
24,0.993670917792276,0.993889655002288,0.580482922535569,0.316564291122873,2.0101715087863
25,0.980518902596003,0.979599547044489,0.537160384950427,0.350934151781315,4.0175586374868
26,0.9968252624592,0.987010472791227,0.596253033763055,0.291376427406383,8.56016773536818
27,0.981952332959634,0.978809772301324,0.533042356910764,0.346135283883568,4.62790168988317
28,0.999043603193048,0.998693316682201,0.542334199946351,0.350696335260861,1.78384472349296
29,0.984976453127012,0.981764262001813,0.561471364970341,0.292259155811596,5.01308190645911
30,0.984565812629949,0.987000838496262,0.515633978194635,0.313058390140968,5.29888062885192
31,0.999766654992864,0.997993277396381,0.586690848053215,0.297702019250923,3.56258766061157
32,0.999618444964571,0.999138351150974,0.557266303568169,0.334090277762868,2.10706658340373
33,0.988374415497845,0.983083435508638,0.522533647543856,0.37151245108067,6.03643518035118
34,0.995300392550583,0.993591949314534,0.543449759848451,0.341843660668479,3.86419161745054
35,0.999690753306812,0.996454971565387,0.597506332328891,0.289717043421744,4.71675673904794
36,0.994591389704443,0.993184933203856,0.537512078778785,0.302591863548809,3.78762136095891
37,0.997994382092884,0.998002197847046,0.565056863890058,0.320324887206363,1.42627643985092
38,0.999427545754761,0.999371598620494,0.567845094461509,0.329664887708919,1.68549686675171
39,0.969257100967681,0.968668435940041,0.554005248742287,0.343803814852647,4.54847474662817
40,0.977921988166875,0.971575899504074,0.535730074347027,0.357090941475672,6.96872929077087
41,0.995309365877137,0.990165713413225,0.581713539957525,0.303060805005613,6.24990016228019
42,0.997769036439855,0.994539670419763,0.567776907132876,0.327344576945702,4.99497217581244
43,0.976478687335048,0.97747760648838,0.565328892323815,0.317957564375408,3.9752792160792
44,0.990961057882046,0.989221926361883,0.546071473393935,0.338442101532082,3.99008346108007
45,0.995596425440458,0.996781278389841,0.5552682210263,0.307771452318015,4.21575422520192
46,0.997515791135492,0.990824384072049,0.60581049284595,0.295698791654588,6.87659127692031
47,0.972437144630134,0.969126785041941,0.501922638567378,0.375214727378386,4.89308803538401
48,0.999226452447211,0.999330192699542,0.563049295139456,0.319864024146245,2.24418995112548
49,0.99961079060493,0.996132831463679,0.58985818011909,0.305683939662109,4.80451439827066
50,0.99503747625666,0.993309518598789,0.533215535776603,0.361088166634141,3.85845819521044
51,0.99879211438142,0.997590899014166,0.558840957437606,0.332955479637566,3.53450623720914
52,0.990893141700024,0.990140611094781,0.567392062339698,0.327160196392373,2.87231166374101
53,0.997798490871889,0.997783330397527,0.579424822821462,0.31769732126089,1.12794697802347
54,0.997005658984154,0.993182335095201,0.595068479712373,0.292321764864605,5.12336617771255
55,0.985764306973063,0.984984565406695,0.560294176761151,0.325848789206438,3.9776460429574
56,0.999425219270174,0.989077805533336,0.605619406398712,0.273649342274289,8.54487145318065
57,0.99693621578668,0.99106104955852,0.616549491011196,0.284409335238755,6.30604389527044
58,0.999622079889712,0.999451919693474,0.553160809263595,0.342236807935712,1.254277162555
59,0.995039815003115,0.994527806873039,0.543953920826084,0.326456924964973,1.89803221713843
60,0.998912832316587,0.997827190342107,0.590736623330402,0.317041412680542,3.13758498837783
61,0.997609213072374,0.996442821519882,0.590937050089038,0.307809646901369,3.40184702620885
62,0.994186654924805,0.982285897091198,0.60887168672631,0.29635479657341,8.92812748973043
63,0.995772260204205,0.994691213271893,0.552800609545839,0.320220283803723,3.48556911022694
64,0.98393916056291,0.98345592314104,0.547256301071096,0.334667173127724,3.60029521331484
65,0.989903846565987,0.988826769866049,0.606107735986147,0.287355720552597,5.30337474293874
66,0.988725712162688,0.976242088356353,0.62050393468101,0.283373402718941,9.29162311123834
67,1,1,0.565156116366745,0.326905351148304,0.00000120741826972573
68,0.986104539796086,0.983129845352532,0.525244043802345,0.344667294125146,5.29506912690663
69,0.961153815359346,0.958865312008535,0.536367815808643,0.347129720105823,5.5702429814648
70,0.984302264446596,0.976316609624691,0.535366370238674,0.349576841563155,7.81243912722891
71,0.997608812965272,0.994584280784207,0.542905952945288,0.34779887799667,4.98921953291643
72,0.991840162129114,0.991979871888172,0.600367979136564,0.30938964754686,2.59298410995251
73,0.991932580053327,0.992809083908362,0.58074003405315,0.308835029619755,3.87044900740355
74,0.984034398197322,0.98088430988586,0.562968597375228,0.313405246690532,5.8514966898261
75,0.994164688487272,0.989338364750911,0.614077188771468,0.284937852391097,5.88128151136735
76,0.999868417241576,0.993635329587712,0.589562749067313,0.30487829539681,6.42793169511501
77,0.995208016429154,0.995007014558584,0.558025299341973,0.30911664612397,2.20065526206982
78,0.995515958465123,0.991174750601877,0.605139817935641,0.295305266997368,5.49191217289326
79,0.999904966312053,0.999143357860747,0.558835362003967,0.34301318105559,2.32816694414316
80,0.999417784803842,0.99736327884094,0.562563880264164,0.3378053186652,3.85898817090361
81,0.996506707109904,0.996229936510276,0.566765502944982,0.318668130120597,1.36479281934828
82,0.997416344700233,0.997118065733426,0.539856003491465,0.329602887438422,2.10649645152099
83,0.989500765931524,0.983658673398386,0.609687606825778,0.284798972657501,6.65573771886814
84,0.993799689878889,0.992536178852014,0.575428222236198,0.32044355883646,3.70796327856429
85,0.999139893024439,0.994470694983129,0.580752279080807,0.312225992859153,5.6802010005301
86,0.996446366394426,0.992292101816773,0.517810017952871,0.374825355356979,5.30566116868901
87,0.987846421618469,0.986342526821796,0.538487169461717,0.359381605346765,4.46307124947178
88,0.998168387182451,0.996449312299098,0.552424916430867,0.344500409590687,3.98215164760964
89,0.999896592038833,0.997485799127484,0.543384508506869,0.349215294554614,4.06663059760424
90,0.995075296365946,0.995094400571921,0.563662604648936,0.333902250122256,1.62471356419339
91,0.995790849877351,0.995486023437637,0.55387318118784,0.347147402422815,2.24273598627007
92,0.998593452514618,0.996472719463785,0.525356928702766,0.361523433537845,4.7126513092684
93,0.999362759985979,0.99767585796522,0.520585333327199,0.362655367604382,3.55738547321944
94,0.98850053699757,0.987941343933627,0.594588945121128,0.304130216433963,3.36085182414752
95,0.999882953508917,0.995490010170715,0.542174078285585,0.359742935285168,5.48074946322872
96,0.981000124461136,0.981273313817474,0.588764160224747,0.312192884931119,3.73079581036191
97,0.986021925818157,0.982437621354354,0.524718543512784,0.371870499689409,5.30833817176532
98,0.983800695383028,0.981981934164477,0.567601214292163,0.323993100867801,5.11696920561094
99,0.999596077251184,0.997007154324894,0.553158223921256,0.292705192514784,4.31650183134566
100,0.99954738522913,0.985605882470424,0.589106478152493,0.303890680768006,9.84385571721831
101,0.999751864327953,0.998454004587225,0.560812559601145,0.347026837044684,3.3658919855457
102,0.993387323470966,0.990868765415795,0.532982118511341,0.375747678808616,4.34146270965589
103,0.999569663900114,0.990441847684636,0.602826099478472,0.273832182211589,7.79410399524701
104,0.996183992096066,0.99053470154542,0.53613229176126,0.372269356974606,6.48252495344221
105,0.998910549534111,0.993497064047645,0.551751758513201,0.360066340238119,6.11835477247621
106,0.995880791902642,0.994294255431245,0.552455663554833,0.295629697465213,3.37736634500255
107,0.993985237708031,0.983881122259385,0.596786724212418,0.286328195149348,8.84733393047054
108,0.988849174082052,0.988504191216309,0.552763526957363,0.339207333859259,2.51338195151394
109,0.996358171151592,0.995543859194676,0.560918234248823,0.348548317676358,3.04870034767748
110,0.980822411254955,0.980700845548698,0.579222704776504,0.323945175585558,4.37517731842279
111,0.996729766776391,0.992868932768558,0.596447435527465,0.295507847106816,5.20265029592611
112,0.989193342989751,0.983124687178967,0.517076782713828,0.375704368481476,6.45853821332066
113,0.971671490944541,0.971070268550181,0.540227834428746,0.30186361061186,2.78750341801375
114,0.86082722911458,0.849600893322389,0.533486694794755,0.329116798306955,9.86827605534719
115,0.936324461978326,0.927907668252357,0.538388778295399,0.305316810164433,8.91724055799564
116,0.998933164298406,0.996276680605573,0.592010429474819,0.299631427119352,5.15405456528256
117,0.994251281254235,0.989748036112708,0.536830824797843,0.359176547618962,5.50427824186106
118,0.991003899718824,0.991316525694301,0.553395010605011,0.351949168674882,4.04811872362512
119,0.996248728715226,0.991487073386434,0.511148134873873,0.384083844424076,6.17642464045708
120,0.995105715008967,0.988871053216647,0.547137217018007,0.354915471604924,6.69210017564037
121,0.994389536083369,0.972833709132875,0.605130944684065,0.280460433084487,12.4360999616565
122,0.996083238855703,0.990783965831652,0.550818458986022,0.332234247806311,6.42939576121794
123,0.970792627915461,0.971763686332343,0.558629093235423,0.335157032593825,5.21473446438318
124,0.994529133923182,0.989170044433564,0.610359813453479,0.285701696950933,6.20913915331969
125,0.998668472371454,0.998912483785516,0.566012199806871,0.318878255904474,2.08556532942637
126,0.997089212421766,0.997111258859242,0.57128898907276,0.323294116425601,0.807860518585441
127,0.999113294882598,0.998280942522976,0.545513429336061,0.331419528429787,2.89762926398801
128,0.998075324613635,0.973912485205001,0.587256128496349,0.263912428215684,12.8438053959457
129,0.99765486969061,0.998762026780154,0.556137496747769,0.305921373159624,3.62546939289895
130,0.960369827427175,0.959737312557974,0.543357569828179,0.305264649028966,4.87302599544371
131,0.9979464808896,0.99671521844959,0.584121319123314,0.301962080655144,3.41906448854681
132,0.994094641259885,0.985400709401559,0.598693283012764,0.294863223928223,7.85997590457794
133,0.984306557033433,0.98237392866996,0.531756561421974,0.343606755551106,4.10021987629997
134,0.992482619869918,0.99134197496226,0.531242902926204,0.363426068599917,3.76579773514622
135,0.989081665424012,0.987777822420865,0.605113315068099,0.29382173461754,3.8561102857491
136,0.990966497918289,0.991091657157111,0.567575317438055,0.300897765606553,3.85233917578027
137,0.999291012842001,0.996400030513102,0.535292550153362,0.352335809771617,4.60720402516389
138,0.994016415706492,0.98983650329601,0.570275795881763,0.298000995675197,6.01909667847008
139,0.996848996522301,0.993394442555534,0.601589251109029,0.302970633337987,4.79731005568042
140,0.997998787348103,0.987402413565449,0.614285825159717,0.288789908802776,8.42353439434858
141,0.999766654992864,0.997993277396381,0.586690848053215,0.297702019250923,3.56258766061157
142,0.99308449694719,0.990588424818274,0.536567779367916,0.340756345931965,4.13058950673701
143,0.993614644395319,0.959969805928699,0.632543759994128,0.266187858195749,14.9141042132111
144,0.995226337489295,0.99188476564929,0.533506767146469,0.354485931645264,4.88706488836174
145,0.997243141351554,0.996599731643178,0.552374202912041,0.330623016616432,2.50200835982536
146,0.993354949035468,0.990743033579835,0.577599742718114,0.293405410247596,4.86054893030076
147,0.977256097970688,0.976564466121933,0.5459969668163,0.33930139258499,5.57415615149536
148,0.999571225334248,0.994855798330043,0.597786137534426,0.298104941910963,5.69876263167079
149,0.995868300263306,0.996152352994676,0.584681623816431,0.310233536120043,2.46290610888749
150,0.998704603915125,0.996812961408725,0.548535839933973,0.357187808863096,3.56214980214336
151,0.999275274204958,0.999131509456553,0.573242462233403,0.317002329982454,1.30962109272445
152,0.998038626517765,0.997617967372029,0.543513746653276,0.349023342104658,1.76818309191694
153,0.97476315954351,0.974176669977413,0.571651405603424,0.311912475675098,4.32029601154502
154,0.993858059645557,0.991986619560154,0.588426357282195,0.294877683645139,4.71983378001856
155,0.999879134415798,0.999295986065628,0.570562618245653,0.315976684640436,2.1991150855684
156,0.999470547415752,0.999005121457536,0.580380940801269,0.326560312282611,2.80036885375866
157,0.993972036243148,0.992130464688644,0.540862000878526,0.360294994636366,5.22228038768292
158,0.993004351616404,0.992533046107698,0.566073736170349,0.320311574385178,2.48315802269882
159,0.993957464455878,0.993468334452818,0.553563939385418,0.339047266785657,3.11453990709362
160,0.992205687892239,0.991586889659224,0.572710975587695,0.321589724192725,2.25834621468962
161,0.955465572606687,0.953718997385752,0.544370665118546,0.337161411334841,5.37945544495369
162,0.986157098213013,0.950150840197742,0.64242380732338,0.257773384125613,15.7135807618345
163,0.9975913669573,0.995882376870547,0.553360481879818,0.295929712498325,3.41927113635023
164,0.993923868436923,0.986125028630929,0.595814869217267,0.285943776507347,7.81469750161984
165,0.998946366031492,0.997195857463219,0.58969319832684,0.294858272618036,3.74916413914258
166,0.997695022570157,0.99371725192827,0.607230308670941,0.291906193990997,5.23138038388632
167,0.815410809953808,0.801874988674891,0.523685000839369,0.340702740097207,10.8473354695035
168,0.994343346031072,0.994771566588249,0.560053906615799,0.331046746920117,2.83730748054432
169,0.997798490871889,0.997783330397527,0.579424822821461,0.31769732126089,1.12794697802411
170,0.994604649520904,0.993826972032345,0.542997546319743,0.347296047338058,3.93940008642263
171,0.99932279962475,0.973952068189376,0.644473107152319,0.255917154888561,12.9669050354307
172,0.997392850563301,0.997798521556083,0.578283125701927,0.323309245746324,1.69741296104517
173,0.994419897923912,0.994051963496967,0.564380437290918,0.318519440574966,1.68004819157669
174,0.96064960523545,0.957922088298677,0.531587075578765,0.35358818441895,5.12375203655982
175,0.999422218427961,0.998751960208062,0.580605074240567,0.315045241980018,2.41166314700268
176,0.998014492828539,0.995127833376257,0.596380644810114,0.286886146489787,4.64928018132044
177,0.921836835955034,0.918892013075011,0.514263605954143,0.341812833554076,5.33868823743761
178,0.997427700374024,0.99233713055143,0.560858576051297,0.323589260896035,6.00688135908458
179,0.856779020457318,0.84960243852839,0.51550089076466,0.340179256558147,7.45018267922046
180,0.991273753076435,0.99039946710797,0.545933353157119,0.324646631242815,3.49905907116486
181,0.995147112543386,0.994338776009241,0.550115789467989,0.340135873454392,2.8653680743301
182,0.99792348938651,0.997126016692486,0.570680644250556,0.325750604087004,4.04007757035742
183,0.996830270097698,0.995023758678876,0.585344357321418,0.31529230016018,3.58132490415029
184,0.986115600577177,0.986720299258961,0.550747572047243,0.334979748212744,3.24281456951869
185,0.983313837196558,0.982879989999808,0.55987310663427,0.335710272699175,3.86955845615055
186,0.988838716199703,0.981372818545344,0.564230526539999,0.329626423565481,8.0189135742166
187,0.995248006790006,0.992633620494503,0.585609320850834,0.315927832709943,4.72961894139304
188,0.998966024721929,0.997096698144594,0.577821088099632,0.326891004983401,3.73730089687116
189,0.970076015793523,0.971242832606569,0.570815210265749,0.308520643136461,4.81975808412124
190,0.984964176762088,0.978957753838437,0.528984025680318,0.363700897268369,6.41414392738531
191,0.995221201538177,0.990936619785677,0.521686691222463,0.383044566598445,5.79399473468724
192,0.999281246462252,0.98902018642594,0.567233016009418,0.285307348308608,8.42954623561329
193,0.999585548560016,0.999306582877528,0.575352218440595,0.318186566470287,1.42762534629269
194,0.998129756123827,0.979288041935126,0.582426775681175,0.292889759022374,11.4344810911942
195,0.999261272045428,0.997598115590942,0.531046740411694,0.367387889950747,3.52851929883379
196,0.9955031211387,0.994755106572256,0.502078310958585,0.357940086593176,4.07329762568886
197,0.994846173834716,0.994919387938104,0.583339527725098,0.308784991643211,1.87586154355967
198,0.991005306968387,0.96841636482302,0.605727378876635,0.28793211031063,12.3196385424258
199,0.9987252356026,0.997606345023769,0.584000289208704,0.318126747898497,2.87023826026679
200,0.997880809114427,0.997529296636043,0.568374874514117,0.322935960507259,1.91580129028517
201,0.952535807094966,0.9507306767035,0.546579690529979,0.334685808271205,6.13095574806331
202,0.998781541192875,0.99823813610084,0.537358719232998,0.329708495039418,1.95879539603846
203,0.990610134131992,0.981387728339204,0.606302005509899,0.291608266248723,7.90111108016071
204,0.998438504200806,0.996113914127964,0.513417897597476,0.366267230454297,5.85038434380146
205,0.996429806280036,0.994880921517296,0.586892376919435,0.298673666711042,3.62082572316966
206,0.999759662114652,0.999776902791344,0.539100706216718,0.323524422065653,1.19192137393412
207,0.998688634520043,0.998750923524087,0.555736124459907,0.322004090381473,2.31258236951137
208,0.993895471085983,0.990935979300081,0.596360453555828,0.300834548600652,5.64448589264427
209,0.994226375657968,0.992940032402183,0.599643812379535,0.286122863177792,5.17453604306268
210,0.999741738020052,0.996179601755006,0.570616093966622,0.28992736998526,5.05218112114252
211,0.992831880838441,0.992560479279596,0.564785004449788,0.318587673627365,2.77971280723107
212,0.998146038689656,0.994409879027014,0.577635099016222,0.308658565330169,5.30556689166021
213,0.997968584903724,0.990199506304086,0.582586957254028,0.291822177983748,7.27444938669937
214,0.976065837324448,0.976108968702578,0.57314360275509,0.304985121905821,3.26105928018802
215,0.983082722447921,0.981280847709845,0.535102332174048,0.351599535538534,4.08840238754881
216,0.998342669363831,0.974687067717843,0.644961523796923,0.256798137817263,12.5099399007333
217,0.992399444227129,0.990014255456394,0.561245644681115,0.334747403071256,4.64438747236013
218,0.998692093420988,0.990044118341413,0.605044272116247,0.272164353259588,7.70414125667773
219,0.997338934662226,0.99597539651877,0.559411603189609,0.340683477738995,3.22567281765717
220,0.998925301714909,0.99612252804149,0.601516396759677,0.293736876387776,4.45468594129422
221,0.996900907972069,0.99700451637756,0.540985112672662,0.340062882223203,3.64569092494693
222,0.979917215649699,0.980004574977053,0.562465370506705,0.313227943133825,2.3095734871673
223,0.987412706812658,0.985691300470748,0.550257094098176,0.346110109505065,4.99673384608915
224,0.998501130581017,0.997528479483339,0.584678268676077,0.305240973648937,3.36401234134533
225,0.997367904158092,0.997233186762101,0.5407633675335,0.343434273415196,2.73248564575511
226,0.981103313819991,0.97788994110743,0.556802701004254,0.327341736105357,5.45620622593614
227,0.942663436417267,0.941953599059979,0.546811818334557,0.316771219983289,5.14458106365943
228,0.998844314701826,0.997517968574946,0.533409930695385,0.34937299344508,3.0711507562142
229,0.999798234658714,0.997879609384542,0.569378943046212,0.31335322021272,3.72561951378455
230,0.976994232803965,0.971554203817162,0.535360854913984,0.347394734980692,6.24138168289125
231,0.99952954214259,0.998487092264092,0.578385776696105,0.322145847172199,2.86097780511837
232,0.999774291719856,0.976850596564914,0.615624784556263,0.272420557434776,12.3983638747759
233,0.999867415099759,0.999366819750453,0.570719999677365,0.322686267659949,2.14134491500197
234,0.999360266276662,0.998837099888089,0.567271160527325,0.315472737253103,2.23898113516087
235,0.97950577590591,0.975116234927782,0.582392454061869,0.282838440812208,7.00595262263915
236,0.999549862168042,0.996915575890403,0.523733223368715,0.36156143862114,4.25051256990431
237,0.997012397735913,0.995443359914523,0.576051315063423,0.307866106204268,4.01846920309525
238,0.996940802720355,0.997053333435908,0.566321735979595,0.307564127949671,2.40721526218897
239,0.996456817137189,0.995881475063166,0.536077944438141,0.334560075414018,2.17469305364287
240,0.992637685823671,0.992216693607381,0.603638564193665,0.301831446180086,2.89082674430031
241,0.999444632051011,0.997482447836382,0.600828123980175,0.303671255043536,3.72402259215328
242,0.942059081306814,0.937872550624837,0.500177940320553,0.374648630660201,5.55786196980807
243,0.998248783137545,0.996365404940133,0.554389787551064,0.295618406762137,3.99049623124304
244,0.993991656053276,0.993045274753964,0.578112697251198,0.311242642332448,3.14251513596047
245,0.980891302866933,0.981564128161999,0.562441212864012,0.321604192606536,3.98983226653029
246,0.999182531641674,0.997580325282176,0.600147005763076,0.304998378812805,3.29627128288291
247,0.99503747625666,0.993309518598789,0.533215535776602,0.361088166634141,3.85845819521044
248,0.994559189427555,0.994955552868617,0.557793181761662,0.299205887940365,3.83618269517641
249,0.998460284142227,0.994737977997584,0.593905113386379,0.306161252226526,5.42883327286941
250,0.991442550830052,0.992085802879331,0.576722227558425,0.315706822462524,3.54598139611088
251,0.989407674024496,0.989918401157906,0.560732749805881,0.327026785417076,4.18272559580294
252,0.939191672529101,0.936576593747959,0.529290780511389,0.352628412437761,6.1534657259506
253,0.999446981230466,0.99787566545844,0.542621556179798,0.347162385357597,3.65351383073765
254,0.996848737033994,0.994552444198498,0.549969909745491,0.327763566190454,4.4250472857035
255,0.99561002770094,0.9810859367174,0.630693277059075,0.257582278825479,10.0873942596746
256,0.985797301636325,0.985585316990512,0.56202868443568,0.314484238208514,3.19736012718546
257,0.998890409397922,0.993292172402991,0.516588642476572,0.374108141436971,6.53016653036337
258,0.999517898075542,0.997655292368643,0.587350589736871,0.298098814794242,3.54297735026602
259,0.996404329545229,0.993064452857542,0.550990684039743,0.350628150337163,4.95697093126162
260,0.999377795853404,0.996574707932865,0.574709818694446,0.312957902887962,4.36968781603681
261,0.999624188573375,0.993325484540839,0.52174622352983,0.387545490697282,6.49433171797408
262,0.996214862075102,0.99493434221931,0.573734904166655,0.317936518585074,3.7858339513486
263,0.963491346268148,0.961718121415457,0.54984235249131,0.337003991198786,5.86812624295119
264,0.990725004861506,0.989719021831021,0.592881754690379,0.303412821225787,3.00762258372453
265,0.990816186384193,0.988560956850162,0.564971481115367,0.327079585129133,4.65043931205735
266,0.986416087216905,0.986888441191225,0.582936059710233,0.310889236004212,4.60449568887014
267,0.995119049661335,0.995811136334168,0.58296259529708,0.309414851925405,3.48395794094615
268,0.976915866176932,0.969142100104388,0.573733415404686,0.316611391174167,8.37256661370049
269,0.995663710186673,0.993928890315333,0.55283410843508,0.340148382709302,3.66356190931298
270,0.994021511111517,0.992519834573441,0.562839506927007,0.328643682884281,3.66071191172509
271,0.99870875605509,0.992477990872948,0.50487677064548,0.398620747928594,6.53226556272485
272,0.997942496913519,0.990076123498425,0.618306085583662,0.276611260859629,7.32190903340047
273,0.991200187297575,0.991342439464497,0.563354151795016,0.312204492837733,2.18494350207413
274,0.998591056848508,0.986557613067869,0.602838066823061,0.268026709402979,8.90978938802669
275,0.991408732464261,0.990266091183045,0.601896548173433,0.304539040397541,3.3673615798886
276,0.990912288066496,0.988601564488204,0.519634413917772,0.34400890723134,5.55331715960093
277,0.988187237893887,0.988467204978911,0.600532938249797,0.292675470766511,3.66947831390234
278,0.998778656434561,0.998505876153295,0.574869869293469,0.318153928205571,1.54647707982182
279,0.996497802403591,0.99432767431182,0.553591531529464,0.344147244365849,4.10594774276768
280,0.951370120536975,0.948644199605412,0.540027422081516,0.323762473515484,4.93012210451911
281,0.998240694855785,0.996843130659255,0.544856328983155,0.348398387193556,3.22354081824074
282,0.998628297105058,0.997499765689821,0.58519027194647,0.315020660622687,3.16144493134596
283,0.999475287842239,0.961482982384997,0.643051204650482,0.257285216696675,16.0237723314293
284,0.999960064806045,0.994363793818072,0.601108550376743,0.288806567370812,6.10173474399114
285,0.999678222109009,0.990640045323545,0.605743759095993,0.272964051324851,7.76137110129324
286,0.982443210796711,0.981678632079928,0.543341715796015,0.335072414199838,3.47724073661335
287,0.971602580106326,0.963744687737545,0.516792966176591,0.390566763131414,7.44373682465169
288,0.999442280054419,0.983135318084052,0.602965767523966,0.289262766836912,10.4672985116835
289,0.999475593367317,0.99824746833172,0.581009635492542,0.317317845570487,3.19036316779548
290,0.99987131197849,0.999010771925733,0.544820544834276,0.354033591672031,2.51308041622906
291,0.998831838184252,0.997025456552982,0.596441507344348,0.303424368493573,3.60304938185712
292,0.999164505767947,0.994713739425142,0.537215074022903,0.352982765021166,5.59677271089332
293,0.999114767238272,0.997642263838559,0.556728019609394,0.33418865971339,3.54495022528479
294,0.972780242547227,0.972851756193712,0.545768323319018,0.30268708475181,2.35077019838057
295,0.976478687335048,0.977477606488381,0.565328892323815,0.317957564375408,3.97527921607883
296,0.996405634879116,0.995049275176175,0.585766618322506,0.318528443602543,3.07289056225387
297,0.999625891040045,0.998951179446541,0.576765072316294,0.30646584349554,2.21970981234159
298,0.996089727718193,0.969749568294736,0.639995726720138,0.259233627865593,13.2788376810614
299,0.994721737007473,0.99497193331139,0.554878272165368,0.343887047337733,3.61672610238351
300,0.990374981065554,0.990698356280489,0.574646330677334,0.321979827835496,1.8582978040337
301,0.99830585420218,0.99619076335871,0.516898628427301,0.363709937707952,4.42521357759303
302,0.998123555626076,0.998913761182882,0.527313580403408,0.339063780202464,3.84537116022958
303,0.998220518115768,0.995089609896195,0.552957006815985,0.346728026926629,4.92617181614286
304,0.998370138050119,0.995267373248475,0.537729398698153,0.356538716169691,4.67401227318489
305,0.998451882797174,0.992386493568218,0.512080292083126,0.387536486423392,6.78772271961272
306,0.997781175462033,0.985338262161688,0.597890925725968,0.288116342498103,9.25636618227779
307,0.999243267125953,0.99869023937117,0.534605267824564,0.347101864741298,2.72776419428619
308,0.99426768442938,0.99482876746721,0.544662588978311,0.317519847075141,4.02078098587557
309,0.970116885241574,0.968648684034114,0.556219911056654,0.330680950370379,5.61471467384005
310,0.991418542093197,0.990451681227427,0.543030506585142,0.352154935553886,3.66894876828662
311,0.996207735971465,0.996334456597177,0.582597210855322,0.312717556952163,2.14925060754178
312,0.892390768633897,0.882315741588285,0.510288741704065,0.373535935033929,8.43881721795982
313,0.999806819137765,0.998909363125103,0.547756826013333,0.353007075013887,2.57328334832714
314,0.983207110970617,0.979871052614905,0.522888111936518,0.350377746505109,5.75678232567607
315,0.997006253852823,0.992401401874926,0.619357532118009,0.284613068364554,5.59607479126551
316,0.989289112517789,0.985559785639014,0.601633496138724,0.288572054602317,5.32980115108067
317,0.992418638700791,0.992883578613017,0.5800671729112,0.324381464122455,2.35431001261817
318,0.999667042127503,0.97610572093178,0.615831152815912,0.279062965743906,12.5438183801516
319,0.954032064276621,0.950575409414388,0.559581296815411,0.32394331063163,6.72507461182666
320,0.993043844536385,0.991300685567609,0.546467918754154,0.321118109455319,3.64472812026949
321,0.998085016773112,0.986811192154116,0.595605522606093,0.298283399892909,8.85784634606827
322,0.999791820911149,0.999019496542018,0.536724798659243,0.354455036224595,2.59651339125655
323,0.994803437091283,0.994261928947641,0.552202333497427,0.344341579594981,2.36017034464653
324,0.987922007410505,0.987047864688961,0.573233220879563,0.31573534827558,3.99793011887268
325,0.999436401856654,0.997995914758468,0.548714538926541,0.349727801112122,3.68356002087245
326,0.99553877294083,0.994122200893002,0.526209260530993,0.355754209216454,3.30639826507414
327,0.998891834943496,0.996747232408855,0.57261711306806,0.313888434068062,3.89447540828926
328,0.995226337489296,0.991884765649289,0.533506767146469,0.354485931645263,4.88706488836196
329,0.999556078747325,0.999175254059749,0.564564126332386,0.325106094253968,2.23347376953357
330,0.997570576794414,0.99412369029307,0.511095692078207,0.384467671998103,5.080240530525
331,0.999612838412766,0.990951385553752,0.588995115699567,0.302695477943181,7.6506805227418
332,0.964848901072465,0.955755395466666,0.519860003097634,0.378571801784926,8.04016845104717
333,0.997230426153546,0.993501342164107,0.601445457219037,0.285641966826196,5.21882218966472
334,0.999854255923508,0.999216651834532,0.565642720259353,0.329891918907442,2.41481789570859
335,0.982522535116286,0.974985839779317,0.567727207256377,0.321002401252943,7.914481896066
336,0.994347121577123,0.99395578643075,0.535327469399874,0.348556230083656,3.77243251141911
337,0.997515393320582,0.994419401061462,0.558302080871514,0.322253721945958,5.13081143114491
338,0.962890502499839,0.96199403772142,0.542451215959315,0.345749549504673,5.58434237024885
339,0.998768554262115,0.997829396968164,0.578504723212759,0.306960332241643,2.56002709363982
340,0.999529995178962,0.99788528434405,0.596420275529969,0.311716833450229,3.32207831875029
341,0.991083046227285,0.983814106502869,0.610031551423743,0.282988809128253,7.30478490982177
342,0.987600469278908,0.983565633412552,0.526706143582815,0.362103531618069,5.16417154009818
343,0.997293907242776,0.995684734461878,0.561413741318554,0.314468457901665,3.54959776742393
344,0.994873310981311,0.992822019049673,0.537317161440956,0.345933857492123,4.09533371779849
345,0.981796366503353,0.980088944860976,0.534019792666523,0.36020223913068,3.66921167005242
346,0.997632036843173,0.990887925279375,0.621879430333056,0.280597303633313,6.79149536958553
347,0.99946275564214,0.999208266003799,0.578732608890444,0.325762777413549,1.31648855530338
348,0.99182951041116,0.990289392876623,0.53084698088414,0.362269991792554,4.07700264122863
349,0.998830061365023,0.997146546530307,0.544299280496904,0.355226522171278,3.57763917570041
350,0.993257114509805,0.990541340884704,0.599671479525924,0.29501604204868,4.68728134981735
351,0.999465833409836,0.995380302807164,0.575205326831868,0.306120268079642,5.58885994829643
352,0.933056807627576,0.930390393554416,0.531204481873974,0.33729510398174,5.54600359154359
353,0.995730587549123,0.983343665047139,0.577285090785885,0.318800323339012,9.38844948667454
354,0.99930683854714,0.995162766541299,0.596537228771801,0.311109790003023,5.24955979783688
355,0.975159502557867,0.971601296061588,0.551650121320128,0.306033231123213,6.27434249829408
356,0.977545703322516,0.976623550434078,0.544980207664676,0.342187366501281,3.28524198281689
357,0.995719427384841,0.994288829166429,0.513139455574476,0.352508423590821,3.277309162209
358,0.993961055585061,0.993146038674821,0.551499737124929,0.331987334113127,4.35006060364895
359,0.978336029326593,0.977149857598877,0.507095194560267,0.352100865422603,4.23370641070483
360,0.992416740095718,0.988683450039543,0.519113833788486,0.295933450492971,6.68247871589126
361,0.995812877233128,0.995898149245244,0.574182653559556,0.318793766922193,1.65649995531703
362,0.999319110448293,0.990555862790643,0.597259151840889,0.27941843236808,7.72859171019297
363,0.99887677274681,0.99721314600163,0.570684375816795,0.312247322551657,3.71955434234676
364,0.989693201091757,0.974355435067295,0.595042559237402,0.288016991681892,10.7442818673669
365,0.999388824479018,0.998954222850287,0.574054282997511,0.315128767645089,2.56558262306149
366,0.999908551348558,0.998825622418842,0.576473579018588,0.312193487701156,2.77704773027903
367,0.999325441182206,0.997464367589474,0.575111963835273,0.305645226911491,3.77561084257578
368,0.996401562925963,0.968007353981319,0.609586669633571,0.288903217830097,13.8007909281212
369,0.986234690415885,0.985804727731692,0.519610003449624,0.361286086193413,5.19029934831433
370,0.997026834892291,0.995441538678368,0.544827003371411,0.354280906949456,4.04742354876655
371,0.998789851118785,0.99467490984753,0.579505907660049,0.314466184799303,5.39962986022972
372,0.999454663390383,0.998575754624354,0.575573367153801,0.325416578510144,2.67070324548593
373,0.999585078426426,0.978560708348885,0.608828662468952,0.288052061711142,11.9727463836902
374,0.99525232118174,0.99538304993773,0.560580410947209,0.325352525931526,2.43956106436976
375,0.994884696250414,0.992436602878662,0.544628681296204,0.364536931851059,5.045487400922
376,0.982280583300867,0.982604346917105,0.565812763810528,0.330107122005961,3.9558818264404
377,0.994807347795641,0.993234175757814,0.530244477674154,0.361091737301828,4.31852534266295
378,0.997801358138282,0.996358543211221,0.547417130837689,0.346450260074405,3.37618044252359
379,0.991849226230822,0.967046633691907,0.595743091562793,0.301201176883905,12.9265411383958
380,0.995740924795327,0.985791507287656,0.601874776770145,0.281765645480104,8.38776818187921
381,0.999118824687726,0.996136952868084,0.538624641243211,0.34666144561976,4.89843482527133
382,0.999240269468223,0.997418354980817,0.521498167605994,0.34996775293606,4.15658815365582
383,0.999594842438782,0.97289372375624,0.631913533249156,0.266833374246284,13.3481819415428
384,0.995402989276671,0.99572767977603,0.579872327756658,0.310325323851563,3.90593876951719
385,0.999152405937749,0.998546840397033,0.540158929133547,0.355353387289814,2.87990999153364
386,0.996775286075692,0.987276142445614,0.586073561975512,0.288075037537989,8.30708788053937
387,0.996268233053503,0.993298933492907,0.519003406591671,0.36599926341328,4.64418274856754
388,0.993408585728336,0.991393600516408,0.584197837381201,0.288260768008488,4.63994807674389
389,0.953500667994093,0.953444093279424,0.552881791813416,0.324822414309653,5.73337665022358
390,0.998882969094172,0.997409855195935,0.580279823367289,0.300694922609704,3.19848162260247
391,0.992775072981589,0.992907058839917,0.58476383621943,0.308288301834327,2.15246722265734
392,0.999411876900869,0.999075625888833,0.551766952878772,0.338753573635553,2.10043445744471
393,0.999678222109009,0.990640045323545,0.605743759095993,0.272964051324851,7.76137110129333
394,0.981700554318883,0.976041859755212,0.526387268905486,0.360785201133754,7.0556248606235
395,0.999320558300975,0.99717664445666,0.598294816557068,0.300965678213467,3.8570452094405
396,0.999921767726845,0.997100041376181,0.544706907194163,0.345777657620219,4.3768933135398
397,0.99778436782042,0.997629717835949,0.569767484408522,0.330572277156144,1.50216899834193
398,0.98333714309977,0.981022766670304,0.544354968485899,0.335524349832586,4.75834473948853
399,0.952610419339553,0.947847913829917,0.540434264717715,0.29954648764434,7.01766595103798
400,0.968765050069821,0.968211455754151,0.538962940165883,0.303474108644346,3.31179377637297
401,0.999600439639811,0.992424779858467,0.576363525919637,0.320458791682,7.03701264258462
402,0.991380115898111,0.990987339812758,0.556601376750224,0.319819235185508,2.64071013338943
403,0.99908451306116,0.99754079190503,0.574334702176624,0.324059633909618,3.25537491228311
404,0.992189320087415,0.992443059947149,0.574853585861047,0.301496229165428,3.09998295695115
405,0.996268634731112,0.996417389563727,0.56210571578608,0.320637606364337,1.27901380710221
406,0.997712974261901,0.98178486247764,0.589761997154729,0.30922467402261,10.5650971779679
407,0.948493250570001,0.945192182473994,0.520412106373308,0.345412343640306,6.15422401053455
408,0.989798863074725,0.985937069824045,0.582036413343113,0.305387468434776,5.40320759145737
409,0.994599245082705,0.992667453815356,0.550690089250052,0.353449116336082,3.9791975129334
410,0.999310306442518,0.983904504947155,0.596899424737467,0.298564978194369,10.3112528919948
411,0.999608136887355,0.996507311580863,0.519336845752779,0.367907462107639,4.89571912748189
412,0.965991513736706,0.961370043857846,0.530559332013824,0.335990705950819,6.01966517638643
413,0.999388824479018,0.998954222850286,0.574054282997511,0.315128767645089,2.56558262306234
414,0.995790677564278,0.994272047709456,0.573664555365882,0.30770021756162,3.84566067637774
415,0.998854911632647,0.998213216805836,0.572326765698051,0.327976615482748,3.06182011786168
416,0.9979464808896,0.99671521844959,0.584121319123314,0.301962080655144,3.4190644885467
417,0.999840018624141,0.999812316380458,0.571673378861487,0.325756685333246,1.18989255118281
418,0.994819515475835,0.993568410885363,0.541412585751479,0.357063650989787,3.53316316951887
419,0.99968234413775,0.989492393473959,0.560194667570176,0.330788359177049,8.3277501718506
420,0.993906239080529,0.992798136927523,0.592304648614126,0.3055851933202,3.54467639513671
421,0.972544973034789,0.97341820755252,0.570817430853383,0.324568982111801,5.14628170036456
422,0.999270593252167,0.997710751188723,0.563266543743501,0.343380222298879,3.37340367280897
423,0.999261272045428,0.997598115590941,0.531046740411694,0.367387889950747,3.528519298834
424,0.999043890352428,0.985583892137352,0.595438519868348,0.272563216527068,9.50966252079822
425,0.969167264229831,0.970735726562297,0.574711602442496,0.295835444449757,4.31767247007373
426,0.980891302866932,0.981564128161999,0.562441212864011,0.321604192606536,3.98983226653056
427,0.992717359656006,0.987925252223625,0.541516719228663,0.301668275892091,6.03896620467603
428,0.995405999055816,0.993093507451757,0.551072750776373,0.299093863772349,4.219821633116
429,0.994120599523285,0.994072420338311,0.563499742462776,0.332217358738764,1.37320702768123
430,0.987759762801574,0.986635147868188,0.524978909087806,0.344250200478046,2.86440638760257
431,0.999037090224763,0.996483582710578,0.506429478409528,0.377763235020911,4.63126426987342
432,0.993386666401918,0.991902729660403,0.54540156229979,0.360665242896801,3.3419044494841
433,0.999797773326199,0.9997225689758,0.580183226688303,0.325791563629534,0.917382984903096
434,0.992646446464337,0.993111231564064,0.557199747859332,0.326687489277551,3.04607379653136
435,0.999824957054573,0.997795138160512,0.517420903525471,0.36799974305211,3.85903267501539
436,0.998224411821856,0.998442376145338,0.571314071821085,0.329546797851606,1.41211804744469
437,0.998195513121996,0.997737936531622,0.572358645004194,0.318504094786154,3.11564823584896
438,0.99914512460832,0.995497540749144,0.590835511526029,0.286120054482824,5.19926377042187
439,0.969056522854627,0.961820296936781,0.546069648209985,0.321478988790421,8.04602626256106
440,0.912368602311994,0.902196269604531,0.568425895521716,0.280274595427736,9.67762684414559
441,0.999371698221226,0.99794678150524,0.549799046096193,0.339203797452436,3.43872944579571
442,0.999528382342372,0.997638939786747,0.589753409228523,0.30601509227694,3.67132755345982
443,0.999683701646836,0.995104346798557,0.57325574182542,0.315743057975751,5.59920293799339
444,0.998244117630211,0.997232631993434,0.572464848382562,0.331001760365989,2.7207934745158
445,0.990794675982501,0.990534349603927,0.563835782298116,0.335555539019581,2.04167326890068
446,0.999037268823085,0.989887719833691,0.617716197330439,0.273751266029708,7.87833668550895
447,0.975922275914685,0.972776075475087,0.550895705426429,0.34549487284813,5.87935383633161
448,0.999367003196062,0.994214937565384,0.590137919939509,0.282996272601186,5.86781238497395
449,0.991006460819282,0.989004912568717,0.558862269158422,0.338261442920789,4.86195257956925
450,0.99105553820361,0.990348925573552,0.547211603064132,0.348358977930152,4.61397501821808
451,0.985539107865488,0.977001043976418,0.600359327974537,0.282240149507464,8.85393943819988
452,0.99975243192531,0.995863809069651,0.538981833552754,0.347562777159081,5.1817512425611
453,0.998633181284014,0.990129638418869,0.586685162676491,0.308886502893666,7.59684194728822
454,0.999628546842555,0.999354874873021,0.554695470200782,0.336043195483751,1.47772993952367
455,0.993812654051637,0.991991319123252,0.572327007903872,0.317548289424578,4.40348914719512
456,0.999648668369168,0.998710078840684,0.532147114725226,0.353291621779546,3.04300631950036
457,0.999451128952173,0.998331572359139,0.549179560743751,0.337497731633395,3.00666445644018
458,0.995057016342614,0.993871063245659,0.59549217472699,0.314277748923238,3.72512584066357
459,0.999303617820064,0.998666683798999,0.53605940019399,0.343587597235978,3.09351216156109
460,0.996437459210082,0.995694672412998,0.51844005807762,0.363868229031544,4.93503533945408
461,0.998479008808812,0.997690300814205,0.595291390777764,0.311672147388808,2.66985302365244
462,0.99878201012019,0.997324618183517,0.594296436452685,0.303686101960444,3.50746587006033
463,0.977314936864595,0.976185352814172,0.539790985515214,0.345254599839862,4.12195515903609
464,0.985814079909561,0.982604707701908,0.589186953095641,0.311076976717194,5.08055593804572
465,0.995054743229079,0.994844956490969,0.592388735461992,0.299242582931975,3.11630499290019
466,0.999955532411134,0.996105364991915,0.590796157550696,0.304069658362341,5.06733485195334
467,0.998030563304694,0.982819039729063,0.612457505280496,0.273849243772593,10.2081826838664
468,0.999629689742545,0.999328454970186,0.554424831633561,0.342253633788515,1.74480651249577
469,0.958728224867551,0.942208097793219,0.606328345854645,0.268771589889494,12.1177992882701
470,0.972815009202563,0.972483226958406,0.544850087700413,0.340309604449621,4.76160749923829
471,0.980922201918321,0.978651771307246,0.529974072424029,0.359889964468844,4.944918234592
472,0.996160409878718,0.995487960488498,0.554384057339739,0.348579737438353,2.28619567963697
473,0.991685967312482,0.99042462220039,0.541683298408434,0.357803083546787,3.38660800534235
474,0.999507433659709,0.999351105209688,0.582330065579486,0.320035281084186,1.79251028938235
475,0.980223859129866,0.977388784630804,0.579491971605848,0.309684610085499,6.45145020923908
476,0.998360395048004,0.979037715930882,0.610313249153374,0.253721821467984,11.4282674120862
477,0.982407960282735,0.981481005486453,0.551766125322288,0.346068471873302,4.71969159308923
478,0.980232143577442,0.97838983875921,0.508117438919855,0.363872456543893,4.39714858838634
479,0.993889320384048,0.990227587573918,0.544372554571139,0.3432725293221,5.03958423915257
480,0.987423092750823,0.986385199189624,0.528085450823025,0.359219705933695,4.08276874999628
481,0.998341904053863,0.997901310597153,0.535426528349585,0.338694351521401,2.2747479332644
482,0.98644171771738,0.985978157575444,0.556642467336143,0.330041260521362,2.64900859931128
483,0.998470441962945,0.998668997920133,0.579535868236921,0.321832392519886,1.33316488624021
484,0.985203321317098,0.98185120176422,0.531501665476668,0.367765144997798,5.15998310328117
485,0.995147829326884,0.993654941081921,0.536311748396435,0.35887577512758,3.55685264208061
486,0.979135063427165,0.975174625784909,0.545472430557516,0.357458256998596,5.75431876431004
487,0.974129801295448,0.968684200537175,0.509167393902339,0.382024974762635,6.16423733473867
488,0.998339066739473,0.998753096910018,0.580486918718973,0.327909752105298,1.80030231072635
489,0.994387057643873,0.991159565337704,0.59695577197354,0.287982818699286,5.03419079158228
490,0.981700554318883,0.976041859755212,0.526387268905487,0.360785201133754,7.05562486062355
491,0.997501383169915,0.997004215007533,0.56622287900226,0.338173372087251,2.50368942169877
492,0.99772153632778,0.996716180263244,0.569043779194679,0.32628791614343,3.2406973588845
493,0.999108876357465,0.999045904708432,0.554317414547315,0.31472214590585,1.53855273976574
494,0.999581866119877,0.999051577846006,0.568651413961323,0.313920834464037,1.99548444213975
495,0.999464149295781,0.999256422196666,0.563812691909261,0.33395112559318,1.41865797524278
496,0.934010572157573,0.927189731967622,0.496180952846999,0.387631884674241,7.0256575960158
497,0.984622251940302,0.977519304584604,0.542840089614274,0.335561713307852,7.90807045287447
498,0.998300357442722,0.998110675011462,0.566530699172243,0.33155788240695,1.76793204965898
499,0.998168387182451,0.996449312299097,0.552424916430867,0.344500409590687,3.98215164760973
500,0.990752482458565,0.990689077636167,0.549912716213655,0.315682776670481,1.35193030961637
501,0.997720998125495,0.996857397075481,0.596263163845571,0.299331375240605,3.69900226656363
502,0.997840246792416,0.997249408428135,0.549247546783969,0.348450984637604,3.00690594186586
503,0.998761772076945,0.996880761232447,0.581173670863559,0.297696849478099,3.90990797726777
504,0.998701950403929,0.989498628378554,0.560863473748664,0.288938777593377,8.51332466315762
505,0.999724085545499,0.99829745025111,0.526626943255709,0.357060040776384,3.54100059287381
506,0.999147333447895,0.99770564749092,0.583363109675992,0.316964475527742,3.37756523267768
507,1,1,0.565156116366745,0.326905351148304,0
508,0.99972038603396,0.995099447658856,0.598656045218665,0.294499950393275,5.62518500004477
509,0.995392257118432,0.994004066987252,0.551215701009715,0.352039020520683,3.38291760270077
510,0.997640228906354,0.997340574929859,0.554770668946582,0.344620038779884,2.69674741491106
511,0.992310418849847,0.990268468693479,0.558584357478642,0.345122737255517,4.59480988853592
512,0.991368037705659,0.989229195359201,0.539833709341532,0.3347139530859,4.42453335235828
513,0.999801520541025,0.994343544471077,0.571137594573027,0.323437243411229,6.10344372151754
514,0.999479878761836,0.9952594090966,0.547235767646439,0.285963794093021,5.8173290876809
515,0.972581712003022,0.966360718514447,0.537178081592256,0.349025252949598,7.27325042176503
516,0.997489050956073,0.99237635416166,0.532851560256552,0.364548467438292,5.89399012404283
517,0.999899555944812,0.999252250415536,0.543362455219121,0.353190607792893,2.25829807306284
518,0.996698206797814,0.995149407356866,0.593898180019984,0.306382883782652,3.58549133430537
519,0.99960625956865,0.997638548392993,0.580655689610007,0.313355550008717,3.68893480604499
520,0.997097742222098,0.990634655722626,0.598664501248034,0.297671417357059,6.56623660142942
521,0.994625139463023,0.990776894336161,0.588105943960853,0.301971099243882,5.56568660861478
522,0.999325441182206,0.997464367589474,0.575111963835274,0.305645226911491,3.77561084257559
523,0.999261242892125,0.993577769706096,0.610089938729359,0.288953118087474,6.13991232337646
524,0.986998271184517,0.988240320817797,0.549872865320075,0.327905310784978,4.68104785797875
525,0.989959693794362,0.988746693525101,0.537821770759357,0.356510062302542,3.97230267341573
526,0.991114588412978,0.982416226836571,0.6198931122424,0.273491782698105,7.84511527707838
527,0.993925094070315,0.991774696787992,0.533400199951308,0.362502656209761,4.51093095831226
528,0.988434560104592,0.983197666674665,0.627937148572396,0.276035916214151,6.60553025414334
529,0.999397919846817,0.995957959077024,0.553988362027088,0.335481601156706,4.96521753022139
530,0.997733962921742,0.99133478910932,0.596708135766135,0.277184424735873,6.57846257476446
531,0.997556626806412,0.996922331663672,0.591609588165004,0.308177888104296,2.63219034990328
532,0.997004103803659,0.99548214506848,0.551391458710144,0.338429686589369,3.71916510359394
533,0.998970286024487,0.99702696966683,0.548332447301535,0.342235945932722,4.42177963020198
534,0.998356615498743,0.996974045770209,0.541948071967932,0.348656894661828,3.21180172585279
535,0.988580567183618,0.986677005967977,0.515750482218581,0.369021561436893,5.23367085511386
536,0.998001117138901,0.996084912014151,0.593581631400099,0.293715167728066,4.03663964684633
537,0.998856431989646,0.995987210666465,0.563275799848355,0.312268295943245,4.54654953803823
538,0.998539073569235,0.998251843668697,0.585016412050343,0.316369315174499,1.98311917863474
539,0.969417276216911,0.963777290253302,0.520287158892787,0.367607564980937,6.15042043950719
540,0.997196457757389,0.985070758785747,0.610958651990819,0.262691638451737,9.11827900861251
541,0.997916829872249,0.995986119783058,0.575799785811873,0.329200008694001,4.84671455796662
542,0.997543683805894,0.995451118542222,0.569501497679314,0.335175393409473,4.43510206611237
543,0.978790443642314,0.974687678872938,0.53226225566226,0.345774442185636,5.31463164460318
544,0.992227866083926,0.992494557914003,0.585891715209669,0.305838718079709,3.8938237929766
545,0.999104609159108,0.993912673177096,0.56886468526111,0.31565186254031,5.95431725193997
546,0.999622079889712,0.999451919693473,0.553160809263596,0.342236807935712,1.25427716255703
547,0.968399130048491,0.967957177984375,0.557800303759761,0.324092464114058,5.03141069783195
548,0.998394197167337,0.996054858262402,0.531964710792791,0.347078773005646,4.72922967290091
549,0.998792973850022,0.9954078060124,0.519567401636836,0.368232776190128,5.26416307324154
550,0.876318844920232,0.864159087726956,0.516616385796697,0.362184446835014,9.46126921368213
551,0.999496136340097,0.999171144323664,0.563442406844688,0.312894635061611,2.50350688086445
552,0.977398499129054,0.977819604717777,0.553690812697792,0.32438107188216,2.1864612708283
553,0.98794519149888,0.985575850339034,0.562572197386799,0.316805467088333,4.84832791941827
554,0.999962767156931,0.999312033029794,0.570320525360203,0.33252003761624,2.16206474844543
555,0.980856359675285,0.97968469826736,0.563698731383022,0.334310228131503,5.26649630729343
556,0.994395976434018,0.987672807429817,0.546777495725018,0.305924022320201,7.16763969316069
557,0.99723456855726,0.9973734700782,0.573079471388802,0.332806688262434,1.90848609118187
558,0.965032773854133,0.961293378727859,0.537228874242427,0.338598599897164,6.25968460662686
559,0.9997343369361,0.99540832200437,0.588203683600355,0.306839257793017,5.44990467530051
560,0.984092881316001,0.980644120125054,0.566185784304915,0.310972327645576,5.84573302702257
561,0.939094736024074,0.935275572396716,0.534887687786342,0.305217995563042,6.58453270721122
562,0.999519266927706,0.999190454380818,0.569805109281563,0.328683582697918,1.53803567829784
563,0.994506506021071,0.994090831390648,0.591157910739187,0.304825209764674,2.74706899112307
564,0.99869754701541,0.99814971277709,0.575161253954107,0.311108912939603,2.4994822560559
565,0.999396108408955,0.986922638080421,0.611757900375376,0.284049474545631,9.27142859956455
566,0.977723400773619,0.972285120040924,0.549238200760078,0.328353956341374,7.02943994911863
567,0.997567310472702,0.996453612130172,0.57236615608689,0.314830659565359,2.97316529499691
568,0.999912376038541,0.991899461993897,0.61040405191145,0.291738449925578,7.32388211503044
569,0.999473705600071,0.998559799980828,0.589303198218371,0.302760538883713,2.97792325320151
570,0.962859913245186,0.953977884939253,0.512339638931389,0.387978185494257,7.85025679717287
571,0.969532084441909,0.96342015263788,0.510572375113509,0.377720690685252,6.50920501210038
572,0.970044141674457,0.96206248098422,0.507352544567415,0.392182840906402,7.49983630614678
573,0.994566330682035,0.993087650434124,0.585198200292601,0.304406792682432,3.50153246591866
574,0.999106777420473,0.996274196016944,0.547671461067647,0.344179694741609,4.57581488678372
575,0.998125916082127,0.997024661428509,0.578233616173302,0.329288081735663,3.34624049270368
576,0.999803687745956,0.998428160932271,0.572364117315784,0.334032559712128,3.18155495893003
577,0.997080392041309,0.996629599411437,0.575383598518574,0.309870264536534,2.2875948301327
578,0.998939123274969,0.998905135249583,0.568174414586649,0.328159708212663,1.53262403651833
579,0.994336741987099,0.994803613915139,0.570369764901894,0.327788524739502,1.89498885173478
580,0.989518672065322,0.983165204829441,0.544346889465859,0.344523384871998,6.98921340017228
581,0.998873154195206,0.993409915909269,0.508502690135403,0.39067461869671,6.39528595418168
582,0.997647862685469,0.995152162210026,0.587494265869297,0.316125600129858,4.15604079864173
583,0.999783538201495,0.997284016367705,0.588181632930323,0.298029295811458,4.16746843525289
584,0.999773393533349,0.998184011131437,0.549904779099009,0.351150335515552,3.36791000852506
585,0.997300482629741,0.994652100918718,0.54472453086458,0.346444031684617,4.49995729874976
586,0.998470813790663,0.998169012217595,0.560481855274675,0.332134081763727,1.49707177419401
587,0.991380115898111,0.990987339812759,0.556601376750224,0.319819235185508,2.64071013338887
588,0.987789123696126,0.964008376474152,0.645783881673216,0.252839011711969,12.9639359286318
589,0.993531263994217,0.991720685128615,0.545150008571026,0.334996664676286,3.46545887178538
590,0.997506593733949,0.993879494662881,0.518381237566225,0.373399167749393,4.94242311483481
591,0.999904255701512,0.999514415517759,0.55142829098769,0.340052300788314,1.92920762435703
592,0.996037906848372,0.995508379228186,0.581718941688506,0.319871514273531,2.41915840304987
593,0.999657965734016,0.986889847474754,0.623409193141747,0.26630620703237,9.23588959230176
594,0.968226229162041,0.960742355863859,0.5100390150768,0.38003241713328,7.13953353571552
595,0.999277331543822,0.998288005219106,0.57640141277028,0.311700544214776,3.10088964070877
596,0.999382951619136,0.989818371014576,0.601269508736259,0.292897552006906,7.95132226596449
597,0.980905661308421,0.980293343028225,0.536312457322583,0.354199534220283,4.35670180684679
598,0.998456595678046,0.994912382943275,0.531978077436666,0.361721405311305,5.10399741567196
599,0.999108876357466,0.999045904708432,0.554317414547315,0.314722145905849,1.53855273976526
600,0.999724085545499,0.998297450251111,0.526626943255709,0.357060040776383,3.54100059287319
601,0.986902808049392,0.978617979456316,0.53344748873226,0.312914826847177,9.28232245959367
602,0.996837546771303,0.99397612966089,0.597786276394108,0.285312071730182,4.90317205785927
603,0.99707209745694,0.996058015518091,0.593941983451694,0.310501155476378,2.8289984945733
604,0.997563561840608,0.995173505938839,0.544189403081334,0.293504733501001,5.01472025156497
605,0.979122803151591,0.975414967149321,0.557223160776593,0.320035738375738,6.25470425973378
606,0.974938225681233,0.973089928129541,0.529990674620736,0.334558137841349,3.64716999797236
607,0.998728282945745,0.996915716579387,0.593464179882542,0.304556283893241,4.07412488450413
608,0.983026517736982,0.979416263909525,0.525059522676856,0.355735414428426,5.44229200572922
609,0.990094422438976,0.985263332006063,0.596414625003865,0.268244697776252,6.7219942303121
610,0.997897558442352,0.993057142113271,0.597799752596151,0.293860670070446,5.72409547908874
611,0.989775760127003,0.961899469024023,0.659196757140842,0.238289329075063,13.9091314074227
612,0.999350628946975,0.980077942171274,0.603998296291994,0.291392649481824,11.3439542107482
613,0.993198707978589,0.989561138011351,0.537106998076293,0.350444293718222,5.09923417866013
614,0.999240076862762,0.998405938954543,0.549620327777337,0.337347234540833,3.24867222076242
615,0.998993543504826,0.998162933112506,0.573997556373646,0.325678508699448,2.55847801530678
616,0.998712477363194,0.99806211069391,0.55391669142406,0.347934912828284,2.22957865211334
617,0.999106746909406,0.998884027426299,0.5774751009569,0.316585460061427,1.34552332698436
618,0.998347001856094,0.995216648403975,0.580459363408858,0.29880271817003,4.82905410936872
619,0.996788962376498,0.995623768864696,0.577641247549216,0.327588931355095,3.16407814521752
620,0.979369251626927,0.979171965008691,0.569315909051166,0.3225089676086,5.12410209487285
621,0.955935181616301,0.95357367617875,0.534506645042324,0.352483201763663,5.56621343357761
622,0.995687836286389,0.990690046066061,0.53406218494459,0.373743726992796,6.34953648310496
623,0.95407741499278,0.952407177590957,0.529990513692429,0.349680496859711,5.29467124868413
624,0.991786223832321,0.99412821887413,0.486287545244247,0.365935613492232,8.45192143267393
625,0.990571829061706,0.98084571063446,0.598375355775261,0.306551593406144,9.04284937390074
626,0.999003068542604,0.998635223350628,0.568265716917166,0.328573061777313,1.9696772522002
627,0.99967572461394,0.99416602733971,0.567685981683745,0.334632551295951,6.17518444054663
628,0.989268949530359,0.984027384964535,0.593528814168639,0.305169445387262,6.12727769061473
629,0.997419051262002,0.996762599876675,0.593464523018432,0.305190534546506,2.98105309218645
630,0.999135632436999,0.996599933988642,0.595629757764155,0.290576671441435,4.65546665384813
631,0.999031214928069,0.994961369790943,0.538367316840965,0.36077521892014,5.50389363160096
632,0.992401768603247,0.991510781731782,0.542440437465153,0.354373530940188,2.69586573141733
633,0.997377933866178,0.997664449943464,0.555699521200672,0.314967741854629,1.64279099184849
634,0.995426770263016,0.992969725441206,0.545275874947675,0.318893700220873,4.83096877454745
635,0.999347778563707,0.99564071911464,0.550060145260296,0.346695826689361,4.97311270015287
636,0.993925094070315,0.991774696787992,0.533400199951307,0.362502656209762,4.51093095831226
637,0.999702899319466,0.999328587370027,0.579212086887412,0.31291576869892,2.19360145755968
638,0.996743719415522,0.995729660126438,0.582262354681935,0.301856139526096,3.78326221611537
639,0.985310100999609,0.985172762873857,0.545839277401624,0.340096409479136,3.23466446955198
640,0.975355600574598,0.974229701540653,0.569169770659086,0.318560927786043,5.65425792816232
641,0.899729263745584,0.892248001078299,0.533606061740949,0.314169920851649,8.94447682820614
642,0.990140107830667,0.988416457800163,0.533027548305602,0.337156952497227,3.46130805165853
643,0.999094841910297,0.997079488715926,0.564701948303368,0.333569327743405,3.7489152109759
644,0.998207997629129,0.997992504630743,0.570998549700591,0.314334014433867,1.65727272686934
645,0.999969194582506,0.998559068246057,0.555082220336302,0.349483451998762,3.07597758708671
646,0.989125089523196,0.988461297953008,0.594808926006065,0.297531267862503,5.11982637281242
647,0.998987393962948,0.995273492043031,0.557845650190674,0.285975956910799,5.00330366211153
648,0.992824804592169,0.989999654144216,0.61752832795941,0.293943062701862,4.83352946638428
649,0.982885519930153,0.983449201906768,0.553322760168282,0.331574052016873,3.53314483115632
650,0.999504658653115,0.994506496487219,0.612887747294722,0.283063438825935,5.82693333962
651,0.997827881012333,0.995522281739664,0.537448929295748,0.357208240988124,4.28281172146826
652,0.996055493746145,0.99499990267384,0.564216413418665,0.318453736412919,2.94942981343099
653,0.999467782368085,0.997114129661502,0.533420847250603,0.373607253796848,4.21863215783658
654,0.997584298011268,0.997738918381456,0.579045260206232,0.320442510256162,2.13296639236341
655,0.954372054879036,0.954577551893601,0.553757740628109,0.333465554525174,5.79749926453004
656,0.999604843206041,0.993236946328521,0.541670512628258,0.365506079858156,6.72147736942544
657,0.999704531165241,0.995869267089576,0.548706970067226,0.353600069847443,5.21432065953856
658,0.992057457223621,0.987810285347755,0.573165661545762,0.292050101205795,5.76433118436925
659,0.999477716691742,0.998711899649186,0.539166249925071,0.356665411422989,3.09062612671351
660,0.977204423446647,0.976540831368635,0.566328096668796,0.327143453727325,5.4339334568866
661,0.997869333426443,0.997454933590421,0.58414922061076,0.316467625671348,1.86693953012506
662,0.999483452999823,0.99134222556247,0.584370595890393,0.286276353723734,7.45438843087044
663,0.995317908104012,0.982291798747354,0.597265966651775,0.301071911118858,9.86561867310343
664,0.997147878510506,0.996041780878478,0.553797125624828,0.34244236670481,3.29825615166481
665,0.999419963749868,0.998312621723213,0.546053377105048,0.341290879664009,2.93443226286668
666,0.999017193044042,0.998334348391085,0.566548892849098,0.316663277873401,2.23205251752141
667,0.996415010985419,0.994068342644319,0.516994931075018,0.364628224668373,4.03743414465679
668,0.999647268368459,0.985552354044657,0.619980765326835,0.268154259956167,9.81856519065133
669,0.998550983027202,0.995505465291168,0.610106738126225,0.293962860771924,4.55126954027569
670,0.991238404892845,0.987605593406283,0.516298155672352,0.372307939496281,5.03244295775572
671,0.997014050714099,0.980611385342591,0.620997272336446,0.258221604517764,10.5195269616871
672,0.999678266242075,0.998388844208719,0.591473567829872,0.306153211211803,3.25996896206709
673,0.999710604070973,0.998953410496207,0.564897652481021,0.317549744632524,2.45140700876141
674,0.999783359742314,0.994421893966122,0.526707357233168,0.375504749070182,5.95242518204205
675,0.997996054289294,0.995923652905561,0.534884423298435,0.335540042730777,4.14174380821318
676,0.998939123274968,0.998905135249583,0.568174414586648,0.328159708212664,1.53262403651833
677,0.990610134131992,0.981387728339204,0.606302005509899,0.291608266248723,7.90111108016061
678,0.999598700054544,0.986573930706534,0.609640209815876,0.292825938433785,9.31630137824503
679,0.998262716052302,0.997511979528712,0.586289944052032,0.300725042857987,2.65556432987911
680,0.999830714919024,0.998272927529995,0.542598830933377,0.361971084537045,3.21802337669753
681,0.992074440138332,0.987659191792756,0.545814965409996,0.360749828752765,5.86933522543869
682,0.998935555078968,0.997302754251502,0.589273213698457,0.314329477508744,3.70638772046708
683,0.997272570933009,0.994049999830176,0.594481705208511,0.30034445985885,4.79739887818278
684,0.993670917792276,0.993889655002288,0.580482922535569,0.316564291122874,2.01017150878612
685,0.971307377212906,0.971347423240224,0.554498708919443,0.333682268445997,5.05124361624322
686,0.968765050069821,0.968211455754151,0.538962940165882,0.303474108644347,3.31179377637275
687,0.999653922166034,0.99621598908113,0.583418772781728,0.296381482621169,4.99301150436415
688,0.999270433934892,0.995285106197971,0.528111015460768,0.362220530768748,5.35765436777538
689,0.99744625656517,0.975233805693103,0.585479847613007,0.31245978759343,12.5653385787352
690,0.967719491040015,0.964463178110068,0.51674963935155,0.357975724852442,5.04232653558585
691,0.999549862168042,0.996915575890402,0.523733223368715,0.36156143862114,4.2505125699044
692,0.982078033777627,0.983078794302119,0.570181728875392,0.321470225810484,3.98255629122161
693,0.989125089523195,0.988461297953008,0.594808926006065,0.297531267862503,5.11982637281278
694,0.997367726151917,0.991926334901665,0.548705134503649,0.336696096378185,6.10956717889182
695,0.978662417060738,0.976522020232601,0.526805073712025,0.377844467820331,5.58223012273694
696,0.985536113800428,0.980571332707665,0.569977180723973,0.311135491053327,6.8743137856869
697,0.991608898589791,0.99057334664384,0.571509937195798,0.329766005804314,3.74876068811862
698,0.999486540974795,0.997926283693441,0.552331880438759,0.319584008797155,3.31335221824783
699,0.999553985685092,0.998110296837852,0.577184202241542,0.31360102958316,3.74069586598454
700,0.997658356259167,0.997130848581786,0.563507477758524,0.321021933890714,2.80736919365855
701,0.99876725890656,0.99430922488315,0.55886300243459,0.34561049715885,5.69910584710524
702,0.992280219027694,0.992794227745551,0.571294428188619,0.325346229251044,1.96954793317402
703,0.997965048793762,0.996994386718427,0.579352816490461,0.32126083879996,2.69441345771576
704,0.99986119120403,0.999338408752448,0.564286562615906,0.325630058466854,2.26198666989567
705,0.943022441205965,0.938929893593276,0.537738689807557,0.354138977179658,7.23462678439133
706,0.998940022258282,0.998201917841699,0.588185249039431,0.302423804239695,2.95091006157592
707,0.987945501939273,0.986316965629586,0.540402841221476,0.350055649095186,3.88730111391444
708,0.995021937397305,0.993520563643136,0.5925099634947,0.293419701744885,4.73988512338444
709,0.997658356259166,0.997130848581786,0.563507477758524,0.321021933890714,2.80736919365855
710,0.912875653884834,0.899635147476873,0.53480380672325,0.35566847232954,10.2913979235384
711,0.999201829650369,0.999167709624023,0.556552524653506,0.338566127711604,1.06036676442055
712,0.984871950667368,0.983410636809578,0.526159354571319,0.359016613828199,4.01553511974351
713,0.970186943484137,0.963971708143618,0.541176105765058,0.346370059861172,7.29228741245351
714,0.999231254646091,0.998964131005216,0.552930866278624,0.341674736012391,2.18706043860275
715,0.999713139786593,0.996733119375215,0.543798365663757,0.353581906926581,4.76575849273293
716,0.997625866664563,0.997341397039082,0.563479863457861,0.333551438087828,2.00672507143206
717,0.997738888294952,0.997385586174928,0.566649608134778,0.326521001634469,1.8747179646405
718,0.994519899656143,0.958456837953932,0.634334313944452,0.257654473463935,15.4417814099486
719,0.967453432897637,0.963747674022971,0.516406748487303,0.360528833333752,5.43720455842809
720,0.998427030014783,0.994697975643587,0.593350646178413,0.31394001372922,4.98584976963041
721,0.998784658873364,0.996868239964614,0.55421090227958,0.341212578780249,3.78345915981718
722,0.978286860952807,0.980139109273878,0.580226842113988,0.298336548802663,4.28103196819353
723,0.986892625081462,0.984322101176427,0.52712965067009,0.3652740553848,4.47917151949605
724,0.999275038912228,0.98966031372655,0.616915086862052,0.285738536104436,8.25751775923971
725,0.999574664729234,0.996981305474082,0.553779178650792,0.33796031161271,4.48430238209798
726,0.995507913125959,0.992162583295388,0.619849555839338,0.289895899323869,5.09803259426365
727,0.998963173495376,0.982344975360069,0.625077811638277,0.260549553322715,10.6093900941971
728,0.999830308188261,0.999771622899625,0.571365950143235,0.321520433018232,0.677558787718763
729,0.989881328491382,0.989993877760584,0.559952947347692,0.335971646326014,3.51730292582768
730,0.998050542906097,0.99343908612402,0.599196780727659,0.297602284264133,6.34000789325469
731,0.948020573652199,0.946952561812957,0.528473742992207,0.302832049507477,4.71944800787915
732,0.996226404278221,0.995705755541538,0.592131654390157,0.300882450308648,3.04785914677615
733,0.998930495643881,0.995772990937873,0.552373851116382,0.347505575441965,4.70587407564438
734,0.997770013577475,0.996018468772055,0.568829873830929,0.337920926214595,3.89889203096955
735,0.997097742222099,0.990634655722626,0.598664501248034,0.297671417357059,6.56623660142942
736,0.998579590666471,0.985274026001963,0.611761296092195,0.266417196756107,9.38241357553026
737,0.995054464471875,0.99391302026991,0.571554276525588,0.331480387408535,3.38972862686517
738,0.985225810739372,0.982849234723615,0.610776873621847,0.272815397952251,5.95065783186893
739,0.999748807602693,0.999890193800508,0.550169723457908,0.321349987412874,1.24522888961806
740,0.992775374688564,0.98525717536948,0.608468534726597,0.286018207961209,8.22837652119411
741,0.978839172544258,0.974618557074066,0.520397426817022,0.388323577413023,6.35022800871581
742,0.964386414255371,0.959555241268111,0.500747449784172,0.378087243187014,5.81596205075701
743,0.999326098050778,0.992465952379983,0.590302369483056,0.297041312870207,6.97194249817064
744,0.95952426948516,0.952277935576292,0.558911559288496,0.293982056675789,8.33503068079985
745,0.99982546516936,0.999103279417676,0.550893846974422,0.32206761067799,2.43216024917421
746,0.999261272045428,0.997598115590941,0.531046740411694,0.367387889950747,3.5285192988341
747,0.995084669756125,0.995241609825043,0.574000319627,0.328513464331905,1.75632735243257
748,0.993859330291323,0.992351610051118,0.560657030398114,0.339158593516268,3.69120372795178
749,0.998968937340995,0.997071544367165,0.555829349112603,0.323780019922936,4.46569761483599
750,0.999695636442737,0.998597386255397,0.538550027792711,0.355040183556263,3.28050047706979
751,0.9973339695564,0.994122964965003,0.540474490275106,0.358202813789884,4.98605242837545
752,0.990608644335254,0.987111154458875,0.599969139323333,0.28158203994351,5.40176771905527
753,0.991461151107888,0.989618290801749,0.538009246785692,0.355913071840088,5.16437445789132
754,0.999032563109243,0.998568282227187,0.562257871343456,0.326761368588372,1.87488346745669
755,0.971653604392539,0.963503630442851,0.520485784643658,0.379195879599421,7.50487986378406
756,0.981796366503353,0.980088944860975,0.534019792666523,0.36020223913068,3.66921167005272
757,0.996670802482298,0.994098905159934,0.598267557243874,0.29393595695544,4.20418061541267
758,0.994070448013323,0.975357650392725,0.637681367599727,0.250205567119033,11.441178157787
759,0.998692315391844,0.998684311727292,0.565031420651961,0.323109630487253,2.4959115272101
760,0.999206526777181,0.982584217833817,0.59958140654377,0.303881547380724,10.5317765502794
761,0.999934089595865,0.996717115062732,0.591018355709758,0.308444390936093,4.65161744899561
762,0.995970351038767,0.995863443226814,0.553408753062418,0.329722460210755,2.86393825697004
763,0.967453432897637,0.963747674022971,0.516406748487303,0.360528833333752,5.43720455842789
764,0.98359993345057,0.979770948635737,0.556343872551262,0.318490108914182,6.32951218926891
765,0.997975645677664,0.996571211178126,0.549331789215883,0.32014212997753,3.06729714411953
766,0.997612418297395,0.995881994240519,0.558745030249012,0.317862991195289,3.41675723174139
767,0.96832114112433,0.972016838860744,0.579944896062708,0.29468908990871,4.98658579958661
768,0.998891834943496,0.996747232408856,0.57261711306806,0.313888434068062,3.89447540828869
769,0.996146187962434,0.992363776788971,0.597586726768249,0.290265959785809,5.21485839801553
770,0.98872529685982,0.989798425497594,0.560203224021848,0.321926052042134,3.20743939149835
771,0.996207735971465,0.996334456597176,0.582597210855322,0.312717556952163,2.14925060754348
772,0.99921971970347,0.992387737863,0.513711468690045,0.394208527315622,6.70669040746581
773,0.998933164298406,0.996276680605573,0.592010429474819,0.299631427119351,5.15405456528242
774,0.975853667911642,0.976880162838076,0.606792432717362,0.285692134599761,3.97798353759567
775,0.993766405785251,0.99293266476624,0.559769197502803,0.332229645042844,2.76736740884926
776,0.963065203233378,0.959699717758654,0.515620264226883,0.376476742390575,5.48276023679251
777,1,1,0.565156116366745,0.326905351148304,0
778,0.997956699383091,0.990617499315003,0.572093796882563,0.322210902033619,7.2069867207657
779,0.984569961819101,0.982582842766177,0.521053272397288,0.342689924940099,3.83864060985281
780,0.948377436744433,0.946245635448858,0.522340749663418,0.335130638725357,3.95242834126927
781,0.996539055510467,0.993021234562974,0.527492456014562,0.355455890889066,4.81019775589917
782,0.997289889486593,0.996247334628419,0.573670731149674,0.313957375189478,2.77086003878858
783,0.999608136887355,0.996507311580863,0.519336845752779,0.367907462107639,4.89571912748174
784,0.995147106147777,0.995609206122559,0.565670384338464,0.330582699670401,1.83461594081965
785,0.9980011171389,0.996084912014151,0.593581631400099,0.293715167728066,4.03663964684624
786,0.999792878064511,0.998230967679594,0.559678486658865,0.324794082720316,3.31402058590579
787,0.988580567183618,0.986677005967977,0.515750482218581,0.369021561436893,5.23367085511392
788,0.926999168299374,0.926914028559777,0.527539134803467,0.296358326919365,3.53230976923135
789,0.999693609122057,0.992616790011321,0.604287945115267,0.291284051587529,6.82504141503378
790,0.999769347213826,0.997233918225406,0.591707920937265,0.28880960627872,4.30584770736285
791,0.999435176167978,0.998891409514556,0.553893271442208,0.343998993662641,1.93399437638986
792,0.999646343612263,0.990208286054777,0.579318647731535,0.316296534862804,8.0233570837093
793,0.998964023120308,0.981924093063721,0.592220864697636,0.281031168110838,10.7501240466924
794,0.994968604043956,0.991164544778034,0.584351832118262,0.303097722461062,5.84026167957061
795,0.978908071151325,0.976159001818717,0.553902919231799,0.351512540295751,5.45081974311612
796,0.997567727851096,0.997086216985762,0.537185979644688,0.332622717625179,2.3961979235213
797,0.999534987686656,0.999161476534539,0.533309786326729,0.33766956609028,2.23939810256569
798,0.996458545203223,0.9948467214921,0.567804191746891,0.309351880892685,3.83077564345884
799,0.998119799107624,0.994613760382757,0.561343672243045,0.329585016288736,5.07726424158448
800,0.998880765632699,0.99806035219342,0.552483082303664,0.347708726857033,3.05368486848456
801,0.990402279534598,0.98982218951931,0.543234669899275,0.343089147662552,2.963409386949
802,0.970084043649626,0.961499380012186,0.546493075064033,0.338230752872778,8.25476969716014
803,0.999872681937193,0.99993901679844,0.564306040364363,0.33033886887163,0.843992599813444
804,0.999875279146153,0.99807314767957,0.550372504267903,0.319290353977578,3.50677157206082
805,0.999279007310653,0.993188042786298,0.605151932589592,0.287147911652796,6.88497666688303
806,0.999141267167731,0.990774356577032,0.591183394338411,0.305153849866712,7.46263755748172
807,0.9989695711173,0.995233229156704,0.539484711435663,0.339122205843871,5.54739768974514
808,0.956104957605179,0.955953863482319,0.564858811374308,0.301030929510598,4.54949518039861
809,0.99932152567507,0.981617253307015,0.593957879354004,0.292642766183883,10.9157251980429
810,0.997565990643483,0.996031470962475,0.575784590581509,0.326588216548622,3.25882298780493
811,0.992908638168094,0.992582883032786,0.555057694620441,0.326986533388135,1.8745611118477
812,0.998578971381058,0.993511274970824,0.570898228931981,0.320162156005871,5.84301472956036
813,0.990418339461514,0.990805771841629,0.571634127851986,0.308688236554383,2.28707551154301
814,0.989927146891056,0.9887090676219,0.546435168296035,0.344750763766254,3.06475312706255
815,0.998137204446221,0.98480110305072,0.623494857582408,0.267288973958771,9.45686093048983
816,0.982350145657094,0.969784982597609,0.555251508866555,0.335596901156813,9.70148854693976
817,0.988832323696057,0.986884405795394,0.542705605664931,0.348686681777275,4.4505433656094
818,0.999270433934891,0.995285106197971,0.528111015460768,0.362220530768748,5.35765436777531
819,0.993014877779987,0.989304386940167,0.530746859911325,0.344693430755207,5.15621607396738
820,0.994515707414678,0.993843300576278,0.561677145812096,0.320731432898838,2.69007627544208
821,0.942944847654078,0.928581455319151,0.558660875562784,0.341071163477235,11.3832480153994
822,0.998383791919337,0.997789701257527,0.586557357227399,0.314383902638917,2.06788499565926
823,0.98735860245045,0.98329241466572,0.597296296588874,0.2877921303374,6.00879348788917
824,0.997146104414277,0.987458946100593,0.622180918037403,0.27285154731428,8.01160614940867
825,0.999892274781228,0.998261760840593,0.576257736862187,0.306108632426516,3.36032834871826
826,0.998513011725223,0.990161673181329,0.580415941962066,0.312735493633386,7.73543549458896
827,0.999319170394529,0.990037417159179,0.567361286520729,0.283179416524816,8.02237162031927
828,0.998929334961658,0.998558810196127,0.55361422431073,0.318786755791102,2.93547866381155
829,0.999694327486504,0.999563870751067,0.581360585349239,0.307296541777021,1.278117651867
830,0.999393072379846,0.998374129213775,0.573894191882825,0.321264390957966,3.14332334185103
831,0.999673196362952,0.998842345650874,0.547850509688222,0.351315523801568,2.35466012877815
832,0.96738539743898,0.967287539534073,0.579328851658356,0.287944664755903,5.2551242220299
833,0.999792878064511,0.998230967679593,0.559678486658865,0.324794082720316,3.31402058590645
834,0.999050137211982,0.997781901102839,0.563361822303831,0.315850148350582,3.85110915088136
835,0.993936420407748,0.993835081594466,0.56422852135267,0.322432877335448,1.5675918719716
836,0.999657965734016,0.986889847474754,0.623409193141747,0.26630620703237,9.23588959230176
837,0.998975759034121,0.997984554178489,0.578236505270568,0.317930036442779,3.07440609497044
838,0.999149465784567,0.992696347325045,0.538734371974261,0.364927453391964,6.94893689813592
839,0.999427727300429,0.951774416203576,0.607870679129946,0.29270264942479,17.8616075709087
840,0.979309881932506,0.979265470528869,0.564468182316482,0.316121795181118,3.99097971886795
841,0.992908997605019,0.992571966745416,0.569360122628346,0.309869982870642,2.47243514624329
842,0.998526570817999,0.997466696035857,0.560357647175712,0.345142260834569,2.97821182189206
843,0.985599618609542,0.980284195599818,0.527002031978847,0.365455450338749,6.16057795208994
844,0.995064350120061,0.995389199458584,0.576470463079333,0.318736618115448,1.77300004108077
845,0.983783067686123,0.982757056356339,0.537734004510765,0.361080835521298,4.57268691454311
846,0.988740576081689,0.984803970644328,0.496544097092648,0.386881329581369,5.25879640456361
847,0.998776119752917,0.997681395426687,0.556669137223432,0.354150466786934,3.67137377805455
848,0.994812901422886,0.989550775310893,0.575571489215607,0.291375379324673,6.42910517233309
849,0.997298995647134,0.997317098245495,0.583819798235736,0.310085753945002,2.36572756958823
850,0.922459095202339,0.917933984617952,0.536935085154736,0.343353889724188,7.39707754983453
851,0.985989908081356,0.984010093711764,0.508986306573689,0.357300712066662,4.20252182486389
852,0.999600126528317,0.998639322560039,0.57606552190712,0.32516178182595,2.83512428019416
853,0.897354019606666,0.890527961618692,0.518058802695177,0.34545691324813,7.6014457461571
854,0.998391009335858,0.997287645554284,0.553481859049721,0.353327898569415,3.21973946592463
855,0.999113913601829,0.989262002694522,0.616515951215426,0.269934433631888,8.071206134902
856,0.996852759570787,0.994149085914861,0.584690316367606,0.314905317446574,4.38266178791095
857,0.99533123303387,0.960660407772422,0.640650836056561,0.253299654766763,15.77432685018
858,0.999635455466347,0.997944420007961,0.530838178460757,0.372982941013575,3.72469584915196
859,0.998970286024487,0.997026969666829,0.548332447301535,0.342235945932722,4.42177963020231
860,0.99869429439896,0.993935659091824,0.577782784936532,0.316252584499346,5.70873337177243
861,0.994308274957348,0.993730645865883,0.595818121318571,0.285183137797591,4.67636349738171
862,0.996520232460141,0.995176130896211,0.524396243662072,0.346338681593054,4.57006744141056
863,0.998024304426585,0.988059370142231,0.581065011224735,0.292104974506977,8.40643030888048
864,0.99965137779298,0.999520190610647,0.576195719671268,0.316589832454595,1.1933735219731
865,0.999426362653262,0.998523922509222,0.562438465894588,0.338309735632658,3.04968433311664
866,0.997512296644511,0.997166743212584,0.540342352304286,0.342780263582481,3.09161115956518
867,0.998471681064968,0.998131438008149,0.557084832269104,0.331834247807389,2.5800126291893
868,0.907641408353908,0.899152151650318,0.5356128560247,0.357630107922403,9.22309773827909
869,0.98061707732806,0.981889189656126,0.575211600542609,0.318370934907404,3.94224824445526
870,0.992147019189301,0.98797051824043,0.542626109110775,0.315665584742531,5.48397484438434
871,0.999776210379376,0.997706418700919,0.586320248947779,0.304709408070412,3.99146039178178
872,0.991388671622461,0.991624749806156,0.56376300502461,0.327683852754462,2.96685177483591
873,0.996039708815599,0.995922063585143,0.556767913121888,0.308367832036564,2.7626890076325
874,0.993906239080529,0.992798136927523,0.592304648614125,0.3055851933202,3.54467639513712
875,0.992114530102622,0.985596437829974,0.613402161849165,0.280677069882547,7.09325222058533
876,0.999270180293976,0.999019037217653,0.558375128229803,0.326348446944965,1.38820310470729
877,0.999824957054573,0.997795138160512,0.517420903525471,0.36799974305211,3.85903267501558
878,0.976864123455967,0.975971159129852,0.554346996423065,0.336615604690316,5.0913387585961
879,0.999085462467463,0.990061161149736,0.586611080503814,0.280067799666227,8.0733097675486
880,0.984569961819101,0.982582842766178,0.521053272397288,0.3426899249401,3.83864060985252
881,0.996928672475639,0.99581707657787,0.5608971451808,0.335077264469169,2.93712000964228
882,0.934618854419321,0.928439693135513,0.519688703403078,0.35329408786364,6.96016866533382
883,0.986962143904,0.985848598312743,0.567057163116735,0.328365441820697,3.30704974018709
884,0.998870261865205,0.998661624523399,0.557517599792699,0.32868604999907,2.33449270094945
885,0.993492460054259,0.991732936030437,0.541228621881843,0.342444433249725,3.80854038009328
886,0.998737131342671,0.996397307651629,0.598277315364141,0.300860588885899,4.0431769853184
887,0.998945263272599,0.992838218480166,0.541885477040765,0.362057975448975,6.6590466845754
888,0.997065834676517,0.99553404586151,0.566656538636415,0.334639967748082,3.5387408020589
889,0.995757558339291,0.988869269383327,0.585250090113433,0.304844996665471,7.09848019207292
890,0.99224009194821,0.99167605591198,0.587484086413051,0.309737135913183,2.71684472445273
891,0.999195618997278,0.998040629126464,0.582427457508402,0.302381226443414,2.7775521091539
892,0.99989720133106,0.99983626252659,0.564865017578562,0.326310328382908,0.766737888618336
893,0.998874713013197,0.997302022921311,0.556841902546475,0.332876581129783,3.4234772800076
894,0.998108127623871,0.99603304573326,0.570382830885714,0.331440040284617,4.24366057962285
895,0.995482921647928,0.993389471929296,0.554003652247382,0.345812963664087,3.86617799874582
896,0.99604505642485,0.993861011922864,0.579525138390917,0.320396032518008,4.33245832109642
897,0.988355855615654,0.98256096925349,0.523684576441145,0.375659085177114,6.37665417776965
898,0.990894386880738,0.991768656935548,0.585076546666768,0.307693918942113,2.97585557706239
899,0.979410783685558,0.97819694950872,0.567569358999959,0.322252818752749,4.76725225167287
900,0.991375225811293,0.986970194014019,0.516368526424622,0.3738238587482,5.49921773066021
901,0.999250281079443,0.991524650660006,0.597320523177489,0.282193165104721,7.3132733932695
902,0.953611974643548,0.940777280786339,0.539745480142701,0.348809063924731,10.8803436039227
903,0.99577073430756,0.995624830998822,0.573409755459084,0.3224635974959,1.52615079518394
904,0.996786337215937,0.988306656458809,0.574149767072136,0.317518263692629,7.62723678158715
905,0.999514658460841,0.99244787764712,0.523049242872086,0.382006446464423,7.16959847350758
906,0.994981805993784,0.993550109436252,0.569759932876687,0.311321797461051,3.76313636725924
907,0.99913093636745,0.996498250130739,0.576521880215522,0.317311890568917,4.49676582721256
908,0.993004351616404,0.992533046107698,0.566073736170349,0.320311574385178,2.48315802269853
909,0.999128362856707,0.995142952821694,0.578755722222228,0.299590011691467,5.41186227043182
910,0.991692918321646,0.990763776716841,0.518237566484842,0.354827746321155,3.29990286165461
911,0.997526236902407,0.992834962923379,0.514987693929295,0.378637276306673,5.99955945185089
912,0.99275046760653,0.990971974860095,0.51400339816639,0.352792749310411,5.71841177810941
913,0.999570994672265,0.997776594236385,0.572188208884729,0.320464730785148,3.99276692352536
914,0.999621605532258,0.999414427255491,0.552508546951461,0.341644875783237,2.00131860602692
915,0.998887789919745,0.997220106934641,0.553691280766459,0.330455028748762,3.57591401679906
916,0.982385850025474,0.977298426224289,0.500811834307076,0.376118674863227,6.20333910539229
917,0.994501333955061,0.979796843064151,0.605987358682774,0.292271216130553,9.86674956059532
918,0.997661192287633,0.996957806495144,0.562118497008362,0.33566038602418,2.44795502369506
919,0.983842599034134,0.982295110565271,0.526083092757818,0.364758737767108,3.42434063132335
920,0.932406488462622,0.929900925313483,0.543973246207601,0.327381779051923,6.11826405349826
921,0.999095224302204,0.998991891341276,0.584742369249773,0.313288054597976,1.72287368626107
922,0.979727840694005,0.975759306857351,0.526655740047102,0.311017582316966,6.84229534904124
923,0.99812752109444,0.998195493117558,0.572540427851436,0.321078092893976,1.717198455373
924,0.959903703615142,0.959108458586545,0.534182864760087,0.338504572943115,4.66751024654625
925,0.99952234655366,0.996469486166831,0.528224964383176,0.340776343796365,4.88628224442206
926,0.99231597998264,0.986154428828798,0.514464703284017,0.38676578805857,6.51437729416558
927,0.999499397740448,0.991596458800218,0.60822762447513,0.283684867638476,7.36344857230918
928,0.999442320149692,0.991641849941671,0.583932721192397,0.310703822320972,7.42867835459428
929,0.99142199867423,0.990630788256811,0.536406531433227,0.355669666572684,4.12836642880347
930,0.999220866815569,0.998746926069512,0.530607639485193,0.343467943769265,2.23432536771986
931,0.996304725683491,0.994620060745666,0.592042081747947,0.290658327813973,4.35820675789964
932,0.994992513310348,0.992682455548926,0.534183601099287,0.349975188167532,4.06573411832307
933,0.998904732894039,0.994181673978418,0.602742331696253,0.300685571517103,5.65600751951047
934,0.998652360259596,0.994552807299141,0.514201564077992,0.385066467876026,5.4599225151531
935,0.994438099713909,0.993990746998083,0.540238106080093,0.32660991041565,2.71979911015926
936,0.984964176762088,0.978957753838437,0.528984025680318,0.363700897268368,6.41414392738559
937,0.999138602609691,0.998441022756127,0.574164732493341,0.311489169622308,2.1896620823431
938,0.992149181894522,0.989748302567441,0.549986633765455,0.351425285146229,4.9570564741506
939,0.998140241664565,0.996311941183839,0.528955690050499,0.351920320087368,3.61191156928813
940,0.989348729948528,0.986544710971503,0.59934854848292,0.286020123487577,5.24110264384552
941,0.997487137135061,0.997612105845565,0.574044754977227,0.324218496854145,1.22071396063013
942,0.999329621139987,0.985970292568657,0.626533068697018,0.26793971416481,9.41931572101221
943,0.999750902757816,0.995983887808957,0.527256551512292,0.36792767524549,5.11717663245897
944,0.98773950409371,0.983785360366919,0.533725200875787,0.364767132082265,5.72363903886851
945,0.974194384257253,0.970614838060232,0.51409344596603,0.370083568086403,4.95463934613079
946,0.894302464768096,0.888421698925001,0.512471600538609,0.355449334411363,7.28761670702652
947,0.999712869567221,0.999245329367404,0.551017794806776,0.341735148217325,1.90326031901171
948,0.989641555811721,0.986960983208331,0.542537597500424,0.33543150863104,4.91225150603372
949,0.998159873640277,0.997434524247697,0.541154492506753,0.357575734538162,3.31294056258545
950,0.999080777627422,0.98690657280204,0.597506870236642,0.297327624077437,9.16785005299531
951,0.997396450862325,0.985755436833102,0.586955620453227,0.303805168298011,8.85039670049463
952,0.999865739092137,0.997748919538897,0.529973962884128,0.357305630745266,3.92837551925197
953,0.994313575850139,0.990933442172491,0.525097559040447,0.341301986685826,7.10137455118855
954,0.999765100166096,0.99533690256089,0.550206317340705,0.337251949956064,5.54779983839244
955,0.999975225877484,0.998257682707601,0.559969854561314,0.329454820077466,3.38333938166479
956,0.999556676144831,0.999579617368966,0.559704584609699,0.336974718754382,1.25049594762808
957,0.996428777615023,0.995321603631652,0.578255012183089,0.308445498552865,2.9664380547885
958,0.995988998866288,0.995935980140032,0.575425452140489,0.322590090706584,1.96346165548117
959,0.997367904158093,0.997233186762101,0.5407633675335,0.343434273415196,2.73248564575497
960,0.999053401923684,0.998167328686706,0.587593970211219,0.314450416321173,2.6615393459979
961,0.997938432616238,0.997909459609668,0.554576748828445,0.340119363288383,2.28594728419338
962,0.996115724577352,0.995325692048192,0.557837822681694,0.326646827071552,2.92339877942572
963,0.986013350948808,0.952696656417543,0.601366385737554,0.288829007151064,15.4576868533221
964,0.979517863867389,0.972346137103522,0.532459251569107,0.338368582810854,7.51026551383046
965,0.994843273399571,0.979344660622761,0.618357095486402,0.254830303742421,10.4029907782536
966,0.998107269527565,0.997997260822324,0.56042575827612,0.33216027936765,1.62223494621685
967,0.999362155796341,0.994801395986858,0.575213267598041,0.32170628431919,5.74492355627919
968,0.994251324162763,0.99559716644722,0.543672439770918,0.323241456826123,2.98365132234787
969,0.99453153518087,0.990679292052397,0.570684231767077,0.322034269241883,5.8389558811951
970,0.998074770337204,0.997187928790348,0.563600102172769,0.343822023992626,3.14749375203628
971,0.999953641107933,0.999918263727747,0.568841941330273,0.335467890206292,0.78664593621836
972,0.998929403507331,0.994029967730101,0.608532390734228,0.286043649619051,5.79203599475155
973,0.999514709194986,0.999282375137393,0.563603550919768,0.327647772657338,1.5050455534065
974,0.989153663963153,0.981761473363284,0.514446783950974,0.390410795861636,7.45370222557949
975,0.999091307706831,0.997332087383094,0.580225796359039,0.328320781788453,3.60097270936536
976,0.992141096397569,0.990585953292319,0.55296367776186,0.353080146596252,3.63218341104469
977,0.992110217915297,0.988682476592468,0.593604943932117,0.290050856999362,5.30231243340721
978,0.988728718225319,0.985847288958263,0.511000119545567,0.369997799782619,4.56559072876649
979,0.996345452724333,0.992092860078317,0.582849456105726,0.289904137193078,5.51423388758502
980,0.997395112120583,0.967769397882564,0.617011546585231,0.28550478661299,14.0147056128564
981,0.976387554194373,0.972057175864158,0.557580721525747,0.322190078264292,6.51331639544237
982,0.994410655483118,0.99414067768849,0.597603210803915,0.295093462469244,4.46894684205793
983,0.99598013834368,0.977936895752959,0.629740125601269,0.254030334393788,11.1374527355088
984,0.999714123110743,0.988308318685491,0.602244183861044,0.286760901765903,8.82684290308946
985,0.980929178732791,0.976250063901431,0.554273445379226,0.329676076067234,6.62612988936115
986,0.977717729710748,0.969959092143547,0.523458962600877,0.377712980907228,7.38139546531817
987,0.959800755307817,0.957904196398703,0.537609800858767,0.325906193238226,4.12772136577815
988,0.993288184732036,0.994185516781058,0.572574309911806,0.314293817396176,3.63987498229861
989,0.994050059419291,0.994321507622986,0.553445780803761,0.329813076173307,3.01702802007091
990,0.99016167198241,0.989344763468435,0.548429041659269,0.340349156918008,2.72438427364441
991,0.999864307225361,0.998738081730337,0.575740080736648,0.32169255119222,2.73571170980816
992,0.963607238084397,0.961162439633515,0.570845675436243,0.316701406833383,5.87559843101659
993,0.99312639500124,0.987662423040068,0.569199285892635,0.317347688752981,6.54766190631366
994,0.979908065349861,0.971895711702056,0.508966892036478,0.396702234346746,7.59477085735743
995,0.943974872508434,0.936860551081628,0.521603032498213,0.366890980417247,7.4334050662446
996,0.997688273576799,0.997642687473702,0.552389103707325,0.335695882907516,2.42760610845326
997,0.993237421537577,0.991420811057922,0.573424593430035,0.314750326584915,3.83698616799466
998,0.995542158538255,0.993052326320298,0.590124559463072,0.295373429344733,4.78265563653601
999,0.988275997579378,0.989179801783743,0.585691094712866,0.311554489789927,2.46869565334349
1000,0.999048800848168,0.988257672795156,0.601790997744369,0.28569439218958,8.7802940920675
